id,Name,CountryName,X,Y,Start time,End time,Duration,Class_label,N merged events,Temporal context start,Temporal context end,AND_6,AND_5,AND_4,AND_3,AND_2,AND_1,LMM_6,LMM_5,LMM_4,LMM_3,LMM_2,LMM_1,HM_6,HM_5,HM_4,HM_3,HM_2,HM_1,HMM_6,HMM_5,HMM_4,HMM_3,HMM_2,HMM_1,NM_6,NM_5,NM_4,NM_3,NM_2,NM_1,DM_6,DM_5,DM_4,DM_3,DM_2,DM_1,SH_6,SH_5,SH_4,SH_3,SH_2,SH_1,IM_6,IM_5,IM_4,IM_3,IM_2,IM_1,AND_Start,AND_End,AND_Duration,LMM_Start,LMM_End,LMM_Duration,HM_Start,HM_End,HM_Duration,HMM_Start,HMM_End,HMM_Duration,NM_Start,NM_End,NM_Duration,DM_Start,DM_End,DM_Duration,SH_Start,SH_End,SH_Duration,IM_Start,IM_End,IM_Duration
AF_almost no disease_12_17-02-2020_17-05-2020,AF_almost no disease_12_17-02-2020_17-05-2020,Afghanistan,69.183334,34.516666,17/2/2020,17/05/2020,91,almost no disease,12,43983,17-02-2020,0,0,0,0,0,0,0,0,0,0,0,0,0,0,0,0,0,0,0,0,0,0,0,0,0,0,0,0,0,0,0,0,0,0,0,0,0,0,0,0,0,0,0,0,0,0,0,0,0,0,0,0,0,0,0,0,0,0,0,0,0,0,0,0,0,0,0,0,0,0,0,0
AF_almost no disease_5_06-07-2020_16-08-2020,AF_almost no disease_5_06-07-2020_16-08-2020,Afghanistan,69.183334,34.516666,43989,16/08/2020,42,almost no disease,5,25-05-2020,43989,0,0,0,0,0,0,0,0,0,0,0,0,0,0,0,0,0,0,0,0,0,0,0,0,0,0,0,0,0,0,0,0,0,0,0,0,0,0,0,0,0,0,0,0,0,0,0,0,0,0,0,0,0,0,0,0,0,0,0,0,0,0,0,0,0,0,0,0,0,0,0,0
AF_almost no disease_35_14-09-2020_23-05-2021,AF_almost no disease_35_14-09-2020_23-05-2021,Afghanistan,69.183334,34.516666,14/09/2020,23/05/2021,252,almost no disease,35,43898,14-09-2020,1,1,0,0,0,0,0,0,0,0,0,0,0,0,0,0,0,0,0,0,0,0,0,0,1,1,0,0,0,0,0,0,0,0,0,0,0,0,0,0,0,0,0,0,0,0,0,0,-6,-5,2,0,0,0,0,0,0,0,0,0,-6,-5,2,0,0,0,0,0,0,0,0,0
AF_low to medium morbidity_5_17-05-2021_27-06-2021,AF_low to medium morbidity_5_17-05-2021_27-06-2021,Afghanistan,69.183334,34.516666,17/05/2021,27/06/2021,42,low to medium morbidity,5,44320,17-05-2021,1,1,1,1,1,1,0,0,0,0,0,0,0,0,0,0,0,0,0,0,0,0,0,0,1,1,1,1,1,1,0,0,0,0,0,0,0,0,0,0,0,0,0,0,0,0,0,0,-6,-1,6,0,0,0,0,0,0,0,0,0,-6,-1,6,0,0,0,0,0,0,0,0,0
AT_almost no disease_3_17-02-2020_15-03-2020,AT_almost no disease_3_17-02-2020_15-03-2020,Austria,16.366667,48.2,17/02/2020,15/03/2020,28,almost no disease,3,43983,17-02-2020,0,0,0,0,0,0,0,0,0,0,0,0,0,0,0,0,0,0,0,0,0,0,0,0,0,0,0,0,0,0,0,0,0,0,0,0,0,0,0,0,0,0,0,0,0,0,0,0,0,0,0,0,0,0,0,0,0,0,0,0,0,0,0,0,0,0,0,0,0,0,0,0
AT_almost no disease_11_04-05-2020_26-07-2020,AT_almost no disease_11_04-05-2020_26-07-2020,Austria,16.366667,48.2,43926,26/07/2020,84,almost no disease,11,23-03-2020,43926,0,0,0,0,0,0,1,1,1,1,1,1,0,0,0,0,0,0,0,0,0,0,0,0,0,0,0,0,0,0,1,0,0,0,0,0,1,1,1,1,1,1,0,0,0,0,0,0,0,0,0,-6,-1,6,0,0,0,0,0,0,0,0,0,-6,-6,1,-6,-1,6,0,0,0
AT_low to medium morbidity_8_09-03-2020_10-05-2020,AT_low to medium morbidity_8_09-03-2020_10-05-2020,Austria,16.366667,48.2,44077,44109,63,low to medium morbidity,8,27-01-2020,44077,0,0,0,1,1,1,0,0,0,0,0,0,0,0,0,0,0,0,0,0,0,0,0,0,0,0,0,1,1,1,0,0,0,0,0,0,0,0,0,0,0,0,0,0,0,0,0,0,-3,-1,3,0,0,0,0,0,0,0,0,0,-3,-1,3,0,0,0,0,0,0,0,0,0
AT_low to medium morbidity_10_20-07-2020_04-10-2020,AT_low to medium morbidity_10_20-07-2020_04-10-2020,Austria,16.366667,48.2,20/07/2020,43931,77,low to medium morbidity,10,44049,20-07-2020,1,1,1,1,1,1,0,0,0,0,0,0,0,0,0,0,0,0,0,0,0,0,0,0,1,1,1,1,1,1,0,0,0,0,0,0,0,0,0,0,0,0,0,0,0,0,0,0,-6,-1,6,0,0,0,0,0,0,0,0,0,-6,-1,6,0,0,0,0,0,0,0,0,0
AT_low to medium morbidity_6_10-05-2021_27-06-2021,AT_low to medium morbidity_6_10-05-2021_27-06-2021,Austria,16.366667,48.2,44474,27/06/2021,49,low to medium morbidity,6,29-03-2021,44474,0,0,0,0,0,0,0,0,0,0,0,0,1,1,1,1,1,1,0,0,0,0,0,0,0,0,1,1,1,1,1,0,0,0,0,0,0,0,0,0,0,0,1,1,1,0,0,0,0,0,0,0,0,0,-6,-1,6,0,0,0,-4,-1,4,-6,-6,1,0,0,0,-6,-4,3
AT_high morbidity_5_28-09-2020_08-11-2020,AT_high morbidity_5_28-09-2020_08-11-2020,Austria,16.366667,48.2,28/09/2020,44054,42,high morbidity,5,17-08-2020,28-09-2020,0,0,0,0,0,0,1,1,1,1,1,1,0,0,0,0,0,0,0,0,0,0,0,0,1,1,1,1,1,1,0,0,0,0,0,0,0,0,0,0,0,0,0,0,0,0,0,0,0,0,0,-6,-1,6,0,0,0,0,0,0,-6,-1,6,0,0,0,0,0,0,0,0,0
AT_high morbidity_18_04-01-2021_16-05-2021,AT_high morbidity_18_04-01-2021_16-05-2021,Austria,16.366667,48.2,44287,16/05/2021,133,high morbidity,18,23-11-2020,44287,0,0,0,0,0,0,0,0,0,0,0,0,0,0,0,0,0,0,1,1,1,1,1,1,0,0,0,0,0,0,0,0,0,1,1,1,1,1,0,0,0,0,0,1,1,1,0,1,0,0,0,0,0,0,0,0,0,-6,-1,6,0,0,0,-3,-1,3,-6,-5,2,-5,-1,4
AT_high morbidity and mortality_9_02-11-2020_10-01-2021,AT_high morbidity and mortality_9_02-11-2020_10-01-2021,Austria,16.366667,48.2,43872,44470,70,high morbidity and mortality,9,21-09-2020,43872,0,0,0,0,0,0,1,1,0,0,0,0,0,1,1,1,1,1,0,0,0,0,0,0,1,1,1,1,0,0,0,0,0,1,1,1,0,0,0,0,0,1,0,0,0,0,0,0,0,0,0,-6,-5,2,-5,-1,5,0,0,0,-6,-3,4,-3,-1,3,-1,-1,1,0,0,0
BA_almost no disease_5_17-02-2020_29-03-2020,BA_almost no disease_5_17-02-2020_29-03-2020,Bosnia and Herzegovina,18.416668,43.866665,17/02/2020,29/03/2020,42,almost no disease,5,43983,17-02-2020,0,0,0,0,0,0,0,0,0,0,0,0,0,0,0,0,0,0,0,0,0,0,0,0,0,0,0,0,0,0,0,0,0,0,0,0,0,0,0,0,0,0,0,0,0,0,0,0,0,0,0,0,0,0,0,0,0,0,0,0,0,0,0,0,0,0,0,0,0,0,0,0
BA_almost no disease_2_25-05-2020_14-06-2020,BA_almost no disease_2_25-05-2020_14-06-2020,Bosnia and Herzegovina,18.416668,43.866665,25/05/2020,14/06/2020,21,almost no disease,2,13-04-2020,25-05-2020,0,0,0,0,0,0,1,1,1,1,1,1,0,0,0,0,0,0,0,0,0,0,0,0,0,0,0,0,0,1,0,0,0,0,0,0,1,1,1,0,0,0,0,0,1,1,1,1,0,0,0,-6,-1,6,0,0,0,0,0,0,-1,-1,1,0,0,0,-6,-4,3,-4,-1,4
BA_low to medium morbidity_9_23-03-2020_31-05-2020,BA_low to medium morbidity_9_23-03-2020_31-05-2020,Bosnia and Herzegovina,18.416668,43.866665,23/03/2020,31/05/2020,70,low to medium morbidity,9,44106,23-03-2020,0,1,1,1,1,1,0,0,0,0,0,0,0,0,0,0,0,0,0,0,0,0,0,0,0,1,1,1,1,0,0,0,0,0,1,1,0,0,0,0,0,0,0,0,0,0,0,0,-5,-1,5,0,0,0,0,0,0,0,0,0,-5,-2,4,-2,-1,2,0,0,0,0,0,0
BA_low to medium morbidity_17_08-06-2020_11-10-2020,BA_low to medium morbidity_17_08-06-2020_11-10-2020,Bosnia and Herzegovina,18.416668,43.866665,44049,44145,126,low to medium morbidity,17,27-04-2020,44049,0,0,0,0,1,1,1,1,1,1,1,0,0,0,0,0,0,0,0,0,0,0,0,0,0,0,0,1,1,1,0,0,0,0,0,0,1,0,0,0,0,0,1,1,1,1,0,0,-2,-1,2,-6,-2,5,0,0,0,0,0,0,-3,-1,3,0,0,0,-6,-6,1,-6,-3,4
BA_low to medium morbidity_3_18-01-2021_14-02-2021,BA_low to medium morbidity_3_18-01-2021_14-02-2021,Bosnia and Herzegovina,18.416668,43.866665,18/01/2021,14/02/2021,28,low to medium morbidity,3,44024,18-01-2021,0,0,0,0,0,0,0,0,0,0,0,0,0,0,0,0,1,1,1,1,1,1,1,0,1,1,1,1,1,1,0,0,0,0,0,0,0,0,0,0,0,0,0,0,0,0,0,0,0,0,0,0,0,0,-2,-1,2,-6,-2,5,-6,-1,6,0,0,0,0,0,0,0,0,0
BA_low to medium morbidity_6_10-05-2021_27-06-2021,BA_low to medium morbidity_6_10-05-2021_27-06-2021,Bosnia and Herzegovina,18.416668,43.866665,44474,27/06/2021,49,low to medium morbidity,6,29-03-2021,44474,0,0,0,0,0,0,0,0,0,0,0,0,0,0,0,0,0,0,1,1,1,1,1,1,1,1,1,1,1,1,0,0,0,0,0,0,0,0,0,0,0,0,0,0,0,0,0,0,0,0,0,0,0,0,0,0,0,-6,-1,6,-6,-1,6,0,0,0,0,0,0,0,0,0
BA_high morbidity_3_05-10-2020_01-11-2020,BA_high morbidity_3_05-10-2020_01-11-2020,Bosnia and Herzegovina,18.416668,43.866665,43961,43841,28,high morbidity,3,24-08-2020,43961,0,0,0,0,0,0,1,1,1,1,1,1,0,0,0,0,0,0,0,0,0,0,0,0,1,1,1,1,1,1,0,0,0,0,0,0,0,0,0,0,0,0,0,0,0,0,0,0,0,0,0,-6,-1,6,0,0,0,0,0,0,-6,-1,6,0,0,0,0,0,0,0,0,0
BA_high morbidity_2_04-01-2021_24-01-2021,BA_high morbidity_2_04-01-2021_24-01-2021,Bosnia and Herzegovina,18.416668,43.866665,44287,24/01/2021,21,high morbidity,2,23-11-2020,44287,0,0,0,0,0,0,0,0,0,0,0,0,0,0,0,0,0,0,1,1,1,1,1,1,1,1,1,1,1,1,0,0,0,0,0,0,0,0,0,0,0,0,0,0,0,0,0,0,0,0,0,0,0,0,0,0,0,-6,-1,6,-6,-1,6,0,0,0,0,0,0,0,0,0
BA_high morbidity_3_08-02-2021_07-03-2021,BA_high morbidity_3_08-02-2021_07-03-2021,Bosnia and Herzegovina,18.416668,43.866665,44410,44380,28,high morbidity,3,28-12-2020,44410,0,0,0,0,0,0,0,0,0,1,1,1,0,1,1,1,0,0,1,1,0,0,0,0,1,1,1,1,1,1,0,0,0,0,0,0,0,0,0,0,0,0,0,0,0,0,0,0,0,0,0,-3,-1,3,-5,-3,3,-6,-5,2,-6,-1,6,0,0,0,0,0,0,0,0,0
BA_high morbidity and mortality_10_26-10-2020_10-01-2021,BA_high morbidity and mortality_10_26-10-2020_10-01-2021,Bosnia and Herzegovina,18.416668,43.866665,26/10/2020,44470,77,high morbidity and mortality,10,14-09-2020,26-10-2020,0,0,0,0,0,0,1,1,1,1,0,0,0,0,0,1,1,1,0,0,0,0,0,0,1,1,1,1,1,1,0,0,0,0,0,0,0,0,0,0,0,0,0,0,0,0,0,0,0,0,0,-6,-3,4,-3,-1,3,0,0,0,-6,-1,6,0,0,0,0,0,0,0,0,0
BA_high morbidity and mortality_10_01-03-2021_16-05-2021,BA_high morbidity and mortality_10_01-03-2021_16-05-2021,Bosnia and Herzegovina,18.416668,43.866665,44199,16/05/2021,77,high morbidity and mortality,10,18-01-2021,44199,0,0,0,0,0,0,1,1,1,1,0,0,1,0,0,1,1,1,0,0,0,0,0,0,1,1,1,1,1,1,0,0,0,0,0,0,0,0,0,0,0,0,0,0,0,0,0,0,0,0,0,-6,-3,4,-6,-1,4,0,0,0,-6,-1,6,0,0,0,0,0,0,0,0,0
BE_almost no disease_3_17-02-2020_15-03-2020,BE_almost no disease_3_17-02-2020_15-03-2020,Belgium,4.333333,50.833332,17/02/2020,15/03/2020,28,almost no disease,3,43983,17-02-2020,0,0,0,0,0,0,0,0,0,0,0,0,0,0,0,0,0,0,0,0,0,0,0,0,0,0,0,0,0,0,0,0,0,0,0,0,0,0,0,0,0,0,0,0,0,0,0,0,0,0,0,0,0,0,0,0,0,0,0,0,0,0,0,0,0,0,0,0,0,0,0,0
BE_almost no disease_2_22-06-2020_12-07-2020,BE_almost no disease_2_22-06-2020_12-07-2020,Belgium,4.333333,50.833332,22/06/2020,44172,21,almost no disease,2,44140,22-06-2020,0,0,0,0,0,0,1,1,1,1,1,1,0,0,0,0,0,0,0,0,0,0,0,0,0,0,0,0,1,1,0,0,0,0,0,0,0,0,0,0,0,0,1,1,1,1,1,0,0,0,0,-6,-1,6,0,0,0,0,0,0,-2,-1,2,0,0,0,0,0,0,-6,-2,5
BE_low to medium morbidity_1_09-03-2020..22-03-2020,BE_low to medium morbidity_1_09-03-2020..22-03-2020,Belgium,4.333333,50.833332,44077,22/03/2020,14,low to medium morbidity,1,27-01-2020,44077,0,0,0,1,1,1,0,0,0,0,0,0,0,0,0,0,0,0,0,0,0,0,0,0,0,0,0,1,1,1,0,0,0,0,0,1,0,0,0,0,0,0,0,0,0,0,0,0,-3,-1,3,0,0,0,0,0,0,0,0,0,-3,-1,3,-1,-1,1,0,0,0,0,0,0
BE_low to medium morbidity_8_27-04-2020_28-06-2020,BE_low to medium morbidity_8_27-04-2020_28-06-2020,Belgium,4.333333,50.833332,27/04/2020,28/06/2020,63,low to medium morbidity,8,16-03-2020,27-04-2020,0,0,0,0,0,0,1,0,0,0,0,0,1,1,0,0,0,0,0,1,1,1,1,1,0,0,0,0,0,0,1,1,0,0,0,0,0,1,1,1,1,1,0,0,0,0,0,0,0,0,0,-6,-6,1,-6,-5,2,-5,-1,5,0,0,0,-6,-5,2,-5,-1,5,0,0,0
BE_low to medium morbidity_9_06-07-2020_13-09-2020,BE_low to medium morbidity_9_06-07-2020_13-09-2020,Belgium,4.333333,50.833332,43989,13/09/2020,70,low to medium morbidity,9,25-05-2020,43989,0,0,0,0,1,1,1,1,1,1,1,0,0,0,0,0,0,0,0,0,0,0,0,0,0,0,1,1,1,1,0,0,0,0,0,0,0,0,0,0,0,0,1,1,1,0,0,0,-2,-1,2,-6,-2,5,0,0,0,0,0,0,-4,-1,4,0,0,0,0,0,0,-6,-4,3
BE_low to medium morbidity_3_31-05-2021_27-06-2021,BE_low to medium morbidity_3_31-05-2021_27-06-2021,Belgium,4.333333,50.833332,31/05/2021,27/06/2021,28,low to medium morbidity,3,19-04-2021,31-05-2021,0,0,0,0,0,0,0,0,0,0,0,0,1,1,1,1,1,1,0,0,0,0,0,0,1,1,1,1,1,1,0,0,0,0,0,0,0,0,0,0,0,0,1,0,0,0,0,0,0,0,0,0,0,0,-6,-1,6,0,0,0,-6,-1,6,0,0,0,0,0,0,-6,-6,1
BE_high morbidity_1_16-03-2020..29-03-2020,BE_high morbidity_1_16-03-2020..29-03-2020,Belgium,4.333333,50.833332,16/03/2020,29/03/2020,14,high morbidity,1,43892,16-03-2020,0,0,1,1,1,1,0,0,0,0,0,1,0,0,0,0,0,0,0,0,0,0,0,0,0,0,1,1,1,0,0,0,0,0,1,1,0,0,0,0,0,0,0,0,0,0,0,0,-4,-1,4,-1,-1,1,0,0,0,0,0,0,-4,-2,3,-2,-1,2,0,0,0,0,0,0
BE_high morbidity_5_07-09-2020_18-10-2020,BE_high morbidity_5_07-09-2020_18-10-2020,Belgium,4.333333,50.833332,44021,18/10/2020,42,high morbidity,5,27-07-2020,44021,0,0,0,0,0,0,1,1,1,1,1,1,0,0,0,0,0,0,0,0,0,0,0,0,1,1,1,1,1,1,0,0,0,0,0,0,0,0,0,0,0,0,0,0,0,0,0,0,0,0,0,-6,-1,6,0,0,0,0,0,0,-6,-1,6,0,0,0,0,0,0,0,0,0
BE_high morbidity_24_14-12-2020_06-06-2021,BE_high morbidity_24_14-12-2020_06-06-2021,Belgium,4.333333,50.833332,14/12/2020,44353,175,high morbidity,24,43872,14-12-2020,0,0,0,0,0,0,0,0,0,0,0,0,0,0,0,0,0,0,1,1,1,1,1,1,0,0,0,0,0,0,1,0,0,0,0,0,1,1,1,1,1,1,0,0,0,0,0,0,0,0,0,0,0,0,0,0,0,-6,-1,6,0,0,0,-6,-6,1,-6,-1,6,0,0,0
BE_high morbidity and mortality_5_23-03-2020_03-05-2020,BE_high morbidity and mortality_5_23-03-2020_03-05-2020,Belgium,4.333333,50.833332,23/03/2020,43895,42,high morbidity and mortality,5,44106,23-03-2020,0,1,1,1,1,0,0,0,0,0,1,1,0,0,0,0,0,1,0,0,0,0,0,0,0,1,1,1,0,0,0,0,0,1,1,1,0,0,0,0,0,0,0,0,0,0,0,0,-5,-2,4,-2,-1,2,-1,-1,1,0,0,0,-5,-3,3,-3,-1,3,0,0,0,0,0,0
BE_high morbidity and mortality_9_12-10-2020_20-12-2020,BE_high morbidity and mortality_9_12-10-2020_20-12-2020,Belgium,4.333333,50.833332,44175,20/12/2020,70,high morbidity and mortality,9,31-08-2020,44175,0,0,0,0,0,0,1,1,0,0,0,0,0,1,1,1,1,1,0,0,0,0,0,0,1,1,1,1,1,1,0,0,0,0,0,0,0,0,0,0,0,0,0,0,0,0,0,0,0,0,0,-6,-5,2,-5,-1,5,0,0,0,-6,-1,6,0,0,0,0,0,0,0,0,0
BG_almost no disease_16_17-02-2020_14-06-2020,BG_almost no disease_16_17-02-2020_14-06-2020,Bulgaria,23.316668,42.683334,17/02/2020,14/06/2020,119,almost no disease,16,43983,17-02-2020,0,0,0,0,0,0,0,0,0,0,0,0,0,0,0,0,0,0,0,0,0,0,0,0,0,0,0,0,0,0,0,0,0,0,0,0,0,0,0,0,0,0,0,0,0,0,0,0,0,0,0,0,0,0,0,0,0,0,0,0,0,0,0,0,0,0,0,0,0,0,0,0
BG_low to medium morbidity_17_08-06-2020_11-10-2020,BG_low to medium morbidity_17_08-06-2020_11-10-2020,Bulgaria,23.316668,42.683334,44049,44145,126,low to medium morbidity,17,27-04-2020,44049,1,1,1,1,1,1,0,0,0,0,0,0,0,0,0,0,0,0,0,0,0,0,0,0,0,0,1,1,1,1,0,0,0,0,0,0,0,0,0,0,0,0,1,1,1,0,0,0,-6,-1,6,0,0,0,0,0,0,0,0,0,-4,-1,4,0,0,0,0,0,0,-6,-4,3
BG_low to medium morbidity_2_11-01-2021_31-01-2021,BG_low to medium morbidity_2_11-01-2021_31-01-2021,Bulgaria,23.316668,42.683334,44501,31/01/2021,21,low to medium morbidity,2,30-11-2020,44501,0,0,0,0,0,0,0,0,0,0,0,0,0,0,0,0,0,0,1,1,1,1,1,1,0,0,0,0,0,1,1,0,0,0,0,0,1,1,1,1,1,0,0,0,0,0,1,1,0,0,0,0,0,0,0,0,0,-6,-1,6,-1,-1,1,-6,-6,1,-6,-2,5,-2,-1,2
BG_low to medium morbidity_6_10-05-2021_27-06-2021,BG_low to medium morbidity_6_10-05-2021_27-06-2021,Bulgaria,23.316668,42.683334,44474,27/06/2021,49,low to medium morbidity,6,29-03-2021,44474,0,0,0,0,0,0,0,0,0,0,0,0,0,0,0,0,0,0,1,1,1,1,1,1,1,1,1,1,1,1,0,0,0,0,0,0,0,0,0,0,0,0,0,0,0,0,0,0,0,0,0,0,0,0,0,0,0,-6,-1,6,-6,-1,6,0,0,0,0,0,0,0,0,0
BG_high morbidity_4_05-10-2020_08-11-2020,BG_high morbidity_4_05-10-2020_08-11-2020,Bulgaria,23.316668,42.683334,43961,44054,35,high morbidity,4,24-08-2020,43961,0,0,0,0,0,0,1,1,1,1,1,1,0,0,0,0,0,0,0,0,0,0,0,0,1,1,1,1,1,1,0,0,0,0,0,0,0,0,0,0,0,0,0,0,0,0,0,0,0,0,0,-6,-1,6,0,0,0,0,0,0,-6,-1,6,0,0,0,0,0,0,0,0,0
BG_high morbidity_4_25-01-2021_28-02-2021,BG_high morbidity_4_25-01-2021_28-02-2021,Bulgaria,23.316668,42.683334,25/01/2021,28/02/2021,35,high morbidity,4,14-12-2020,25-01-2021,0,0,0,0,0,0,0,0,0,0,1,1,0,0,0,0,0,0,1,1,1,1,1,0,0,0,0,1,1,1,0,0,0,0,0,0,1,1,1,0,0,0,0,0,1,1,0,0,0,0,0,-2,-1,2,0,0,0,-6,-2,5,-3,-1,3,0,0,0,-6,-4,3,-4,-3,2
BG_high morbidity and mortality_10_02-11-2020_17-01-2021,BG_high morbidity and mortality_10_02-11-2020_17-01-2021,Bulgaria,23.316668,42.683334,43872,17/01/2021,77,high morbidity and mortality,10,21-09-2020,43872,0,0,0,0,0,0,1,1,1,0,0,0,0,0,1,1,1,1,0,0,0,0,0,0,1,1,1,1,1,1,0,0,0,0,0,0,0,0,0,0,0,0,0,0,0,0,0,0,0,0,0,-6,-4,3,-4,-1,4,0,0,0,-6,-1,6,0,0,0,0,0,0,0,0,0
BG_high morbidity and mortality_11_22-02-2021_16-05-2021,BG_high morbidity and mortality_11_22-02-2021_16-05-2021,Bulgaria,23.316668,42.683334,22/02/2021,16/05/2021,84,high morbidity and mortality,11,44501,22-02-2021,0,0,0,0,0,0,1,1,1,0,0,0,0,0,1,1,1,1,1,0,0,0,0,0,1,1,1,1,1,1,0,0,0,0,0,0,0,0,0,0,0,0,0,0,0,0,0,0,0,0,0,-6,-4,3,-4,-1,4,-6,-6,1,-6,-1,6,0,0,0,0,0,0,0,0,0
BH_almost no disease_4_17-02-2020_22-03-2020,BH_almost no disease_4_17-02-2020_22-03-2020,Bahrain,50.566666,26.233334,17/02/2020,22/03/2020,35,almost no disease,4,43983,17-02-2020,0,0,0,0,0,0,0,0,0,0,0,0,0,0,0,0,0,0,0,0,0,0,0,0,0,0,0,0,0,0,0,0,0,0,0,0,0,0,0,0,0,0,0,0,0,0,0,0,0,0,0,0,0,0,0,0,0,0,0,0,0,0,0,0,0,0,0,0,0,0,0,0
BH_low to medium morbidity_6_16-03-2020_03-05-2020,BH_low to medium morbidity_6_16-03-2020_03-05-2020,Bahrain,50.566666,26.233334,16/03/2020,43895,49,low to medium morbidity,6,43892,16-03-2020,0,0,1,1,1,1,0,0,0,0,0,0,0,0,0,0,0,0,0,0,0,0,0,0,0,0,1,1,1,1,0,0,0,0,0,1,0,0,0,0,0,0,0,0,0,0,0,0,-4,-1,4,0,0,0,0,0,0,0,0,0,-4,-1,4,-1,-1,1,0,0,0,0,0,0
BH_low to medium morbidity_1_16-11-2020..29-11-2020,BH_low to medium morbidity_1_16-11-2020..29-11-2020,Bahrain,50.566666,26.233334,16/11/2020,29/11/2020,14,low to medium morbidity,1,43961,16-11-2020,0,0,0,0,0,0,0,0,0,0,0,0,1,1,1,1,1,1,0,0,0,0,0,0,1,1,1,1,1,1,0,0,0,0,0,0,0,0,0,0,0,0,0,0,0,0,0,0,0,0,0,0,0,0,-6,-1,6,0,0,0,-6,-1,6,0,0,0,0,0,0,0,0,0
BH_high morbidity_53_27-04-2020_16-05-2021,BH_high morbidity_53_27-04-2020_16-05-2021,Bahrain,50.566666,26.233334,27/04/2020,16/05/2021,385,high morbidity,53,16-03-2020,27-04-2020,1,0,0,0,0,0,1,1,1,1,1,1,0,0,0,0,0,0,0,0,0,0,0,0,0,0,0,0,0,0,1,1,0,0,0,0,0,1,1,1,1,1,0,0,0,0,0,0,-6,-6,1,-6,-1,6,0,0,0,0,0,0,0,0,0,-6,-5,2,-5,-1,5,0,0,0
BH_high morbidity_2_07-06-2021_27-06-2021,BH_high morbidity_2_07-06-2021_27-06-2021,Bahrain,50.566666,26.233334,44383,27/06/2021,21,high morbidity,2,26-04-2021,44383,0,0,0,0,0,0,0,0,0,0,0,0,1,1,1,0,0,0,0,0,1,1,1,1,1,1,1,1,1,1,0,0,0,0,0,0,0,0,0,0,0,0,0,0,0,0,0,0,0,0,0,0,0,0,-6,-4,3,-4,-1,4,-6,-1,6,0,0,0,0,0,0,0,0,0
BH_high morbidity and mortality_4_10-05-2021_13-06-2021,BH_high morbidity and mortality_4_10-05-2021_13-06-2021,Bahrain,50.566666,26.233334,44474,13/06/2021,35,high morbidity and mortality,4,29-03-2021,44474,0,0,0,0,0,0,0,0,0,0,0,0,1,1,1,1,1,1,0,0,0,0,0,0,1,1,1,1,1,1,0,0,0,0,0,0,0,0,0,0,0,0,0,0,0,0,0,0,0,0,0,0,0,0,-6,-1,6,0,0,0,-6,-1,6,0,0,0,0,0,0,0,0,0
BY_almost no disease_6_17-02-2020_05-04-2020,BY_almost no disease_6_17-02-2020_05-04-2020,Belarus,27.566668,53.9,17/02/2020,43955,49,almost no disease,6,43983,17-02-2020,0,0,0,0,0,0,0,0,0,0,0,0,0,0,0,0,0,0,0,0,0,0,0,0,0,0,0,0,0,0,0,0,0,0,0,0,0,0,0,0,0,0,0,0,0,0,0,0,0,0,0,0,0,0,0,0,0,0,0,0,0,0,0,0,0,0,0,0,0,0,0,0
BY_low to medium morbidity_4_30-03-2020_03-05-2020,BY_low to medium morbidity_4_30-03-2020_03-05-2020,Belarus,27.566668,53.9,30/03/2020,43895,35,low to medium morbidity,4,17-02-2020,30-03-2020,1,1,1,1,1,1,0,0,0,0,0,0,0,0,0,0,0,0,0,0,0,0,0,0,1,1,1,1,1,1,0,0,0,0,0,0,0,0,0,0,0,0,0,0,0,0,0,0,-6,-1,6,0,0,0,0,0,0,0,0,0,-6,-1,6,0,0,0,0,0,0,0,0,0
BY_low to medium morbidity_20_01-06-2020_25-10-2020,BY_low to medium morbidity_20_01-06-2020_25-10-2020,Belarus,27.566668,53.9,43836,25/10/2020,147,low to medium morbidity,20,20-04-2020,43836,0,0,0,0,0,0,1,1,0,0,0,0,0,1,1,1,1,1,0,0,0,0,0,0,1,1,1,1,1,1,0,0,0,0,0,0,0,0,0,0,0,0,0,0,0,0,0,0,0,0,0,-6,-5,2,-5,-1,5,0,0,0,-6,-1,6,0,0,0,0,0,0,0,0,0
BY_low to medium morbidity_2_07-06-2021_27-06-2021,BY_low to medium morbidity_2_07-06-2021_27-06-2021,Belarus,27.566668,53.9,44383,27/06/2021,21,low to medium morbidity,2,26-04-2021,44383,0,0,0,0,0,0,0,0,0,0,0,0,1,1,1,1,1,1,0,0,0,0,0,0,1,1,1,1,1,1,0,0,0,0,0,0,0,0,0,0,0,0,0,0,0,0,0,0,0,0,0,0,0,0,-6,-1,6,0,0,0,-6,-1,6,0,0,0,0,0,0,0,0,0
BY_high morbidity_5_27-04-2020_07-06-2020,BY_high morbidity_5_27-04-2020_07-06-2020,Belarus,27.566668,53.9,27/04/2020,44018,42,high morbidity,5,16-03-2020,27-04-2020,1,1,1,0,0,0,0,0,1,1,1,1,0,0,0,0,0,0,0,0,0,0,0,0,1,1,1,1,1,1,0,0,0,0,0,0,0,0,0,0,0,0,0,0,0,0,0,0,-6,-4,3,-4,-1,4,0,0,0,0,0,0,-6,-1,6,0,0,0,0,0,0,0,0,0
BY_high morbidity_33_19-10-2020_13-06-2021,BY_high morbidity_33_19-10-2020_13-06-2021,Belarus,27.566668,53.9,19/10/2020,13/06/2021,238,high morbidity,33,44021,19-10-2020,0,0,0,0,0,0,1,1,1,1,1,1,0,0,0,0,0,0,0,0,0,0,0,0,1,1,1,1,1,1,0,0,0,0,0,0,0,0,0,0,0,0,0,0,0,0,0,0,0,0,0,-6,-1,6,0,0,0,0,0,0,-6,-1,6,0,0,0,0,0,0,0,0,0
CA_almost no disease_5_17-02-2020_29-03-2020,CA_almost no disease_5_17-02-2020_29-03-2020,Canada,-75.7,45.416668,17/02/2020,29/03/2020,42,almost no disease,5,43983,17-02-2020,0,0,0,0,0,0,0,0,0,0,0,0,0,0,0,0,0,0,0,0,0,0,0,0,0,0,0,0,0,0,0,0,0,0,0,0,0,0,0,0,0,0,0,0,0,0,0,0,0,0,0,0,0,0,0,0,0,0,0,0,0,0,0,0,0,0,0,0,0,0,0,0
CA_almost no disease_14_22-06-2020_04-10-2020,CA_almost no disease_14_22-06-2020_04-10-2020,Canada,-75.7,45.416668,22/06/2020,43931,105,almost no disease,14,44140,22-06-2020,0,0,0,0,0,0,1,1,1,1,1,1,0,0,0,0,0,0,0,0,0,0,0,0,0,0,1,1,1,1,0,0,0,0,0,0,1,1,1,0,0,0,0,0,0,0,0,0,0,0,0,-6,-1,6,0,0,0,0,0,0,-4,-1,4,0,0,0,-6,-4,3,0,0,0
CA_low to medium morbidity_13_23-03-2020_28-06-2020,CA_low to medium morbidity_13_23-03-2020_28-06-2020,Canada,-75.7,45.416668,23/03/2020,28/06/2020,98,low to medium morbidity,13,44106,23-03-2020,0,1,1,1,1,1,0,0,0,0,0,0,0,0,0,0,0,0,0,0,0,0,0,0,0,1,1,1,1,0,0,0,0,0,1,1,0,0,0,0,0,0,0,0,0,0,0,0,-5,-1,5,0,0,0,0,0,0,0,0,0,-5,-2,4,-2,-1,2,0,0,0,0,0,0
CA_low to medium morbidity_38_28-09-2020_27-06-2021,CA_low to medium morbidity_38_28-09-2020_27-06-2021,Canada,-75.7,45.416668,28/09/2020,27/06/2021,273,low to medium morbidity,38,17-08-2020,28-09-2020,1,1,1,1,1,1,0,0,0,0,0,0,0,0,0,0,0,0,0,0,0,0,0,0,1,1,1,1,1,1,0,0,0,0,0,0,0,0,0,0,0,0,0,0,0,0,0,0,-6,-1,6,0,0,0,0,0,0,0,0,0,-6,-1,6,0,0,0,0,0,0,0,0,0
CH_almost no disease_2_17-02-2020_08-03-2020,CH_almost no disease_2_17-02-2020_08-03-2020,Switzerland,7.466667,46.916668,17/02/2020,44046,21,almost no disease,2,43983,17-02-2020,0,0,0,0,0,0,0,0,0,0,0,0,0,0,0,0,0,0,0,0,0,0,0,0,0,0,0,0,0,0,0,0,0,0,0,0,0,0,0,0,0,0,0,0,0,0,0,0,0,0,0,0,0,0,0,0,0,0,0,0,0,0,0,0,0,0,0,0,0,0,0,0
CH_almost no disease_10_11-05-2020_26-07-2020,CH_almost no disease_10_11-05-2020_26-07-2020,Switzerland,7.466667,46.916668,44140,26/07/2020,77,almost no disease,10,30-03-2020,44140,0,0,0,0,0,0,0,1,1,1,1,1,1,1,0,0,0,0,0,0,0,0,0,0,0,0,0,0,0,0,0,0,0,0,0,0,1,1,1,1,1,1,0,0,0,0,0,1,0,0,0,-5,-1,5,-6,-5,2,0,0,0,0,0,0,0,0,0,-6,-1,6,-1,-1,1
CH_low to medium morbidity_2_02-03-2020_22-03-2020,CH_low to medium morbidity_2_02-03-2020_22-03-2020,Switzerland,7.466667,46.916668,43864,22/03/2020,21,low to medium morbidity,2,20-01-2020,43864,0,0,0,0,1,1,0,0,0,0,0,0,0,0,0,0,0,0,0,0,0,0,0,0,0,0,0,0,1,1,0,0,0,0,0,0,0,0,0,0,0,0,0,0,0,0,0,0,-2,-1,2,0,0,0,0,0,0,0,0,0,-2,-1,2,0,0,0,0,0,0,0,0,0
CH_low to medium morbidity_5_06-04-2020_17-05-2020,CH_low to medium morbidity_5_06-04-2020_17-05-2020,Switzerland,7.466667,46.916668,43986,17/05/2020,42,low to medium morbidity,5,24-02-2020,43986,1,1,0,0,0,0,0,1,1,1,0,0,0,0,0,1,1,1,0,0,0,0,0,0,1,1,1,0,0,0,0,0,1,1,1,0,0,0,0,0,1,1,0,0,0,0,0,0,-6,-5,2,-5,-3,3,-3,-1,3,0,0,0,-6,-4,3,-4,-2,3,-2,-1,2,0,0,0
CH_low to medium morbidity_10_20-07-2020_04-10-2020,CH_low to medium morbidity_10_20-07-2020_04-10-2020,Switzerland,7.466667,46.916668,20/07/2020,43931,77,low to medium morbidity,10,44049,20-07-2020,1,1,1,1,1,1,0,0,0,0,0,0,0,0,0,0,0,0,0,0,0,0,0,0,1,1,1,1,1,1,0,0,0,0,0,0,0,0,0,0,0,0,0,0,0,0,0,0,-6,-1,6,0,0,0,0,0,0,0,0,0,-6,-1,6,0,0,0,0,0,0,0,0,0
CH_low to medium morbidity_4_24-05-2021_27-06-2021,CH_low to medium morbidity_4_24-05-2021_27-06-2021,Switzerland,7.466667,46.916668,24/05/2021,27/06/2021,35,low to medium morbidity,4,44534,24-05-2021,0,0,0,0,0,0,0,0,0,0,0,0,1,1,1,1,1,1,0,0,0,0,0,0,0,0,0,0,0,0,0,0,0,0,0,0,1,1,1,1,1,1,0,0,0,0,0,1,0,0,0,0,0,0,-6,-1,6,0,0,0,0,0,0,0,0,0,-6,-1,6,-1,-1,1
CH_high morbidity_3_16-03-2020_12-04-2020,CH_high morbidity_3_16-03-2020_12-04-2020,Switzerland,7.466667,46.916668,16/03/2020,44169,28,high morbidity,3,43892,16-03-2020,0,0,1,1,1,0,0,0,0,0,1,1,0,0,0,0,0,0,0,0,0,0,0,0,0,0,1,1,1,1,0,0,0,0,0,1,0,0,0,0,0,0,0,0,0,0,0,0,-4,-2,3,-2,-1,2,0,0,0,0,0,0,-4,-1,4,-1,-1,1,0,0,0,0,0,0
CH_high morbidity_5_28-09-2020_08-11-2020,CH_high morbidity_5_28-09-2020_08-11-2020,Switzerland,7.466667,46.916668,28/09/2020,44054,42,high morbidity,5,17-08-2020,28-09-2020,0,0,0,0,0,0,1,1,1,1,1,1,0,0,0,0,0,0,0,0,0,0,0,0,1,1,1,1,1,1,0,0,0,0,0,0,0,0,0,0,0,0,0,0,0,0,0,0,0,0,0,-6,-1,6,0,0,0,0,0,0,-6,-1,6,0,0,0,0,0,0,0,0,0
CH_high morbidity_20_04-01-2021_30-05-2021,CH_high morbidity_20_04-01-2021_30-05-2021,Switzerland,7.466667,46.916668,44287,30/05/2021,147,high morbidity,20,23-11-2020,44287,0,0,0,0,0,0,0,0,0,0,0,0,0,0,0,0,0,0,1,1,1,1,1,1,1,1,1,1,0,0,0,0,0,1,1,0,0,0,0,0,1,1,0,0,0,0,0,0,0,0,0,0,0,0,0,0,0,-6,-1,6,-6,-3,4,-3,-2,2,-2,-1,2,0,0,0
CH_high morbidity and mortality_9_02-11-2020_10-01-2021,CH_high morbidity and mortality_9_02-11-2020_10-01-2021,Switzerland,7.466667,46.916668,43872,44470,70,high morbidity and mortality,9,21-09-2020,43872,0,0,0,0,0,0,1,1,0,0,0,0,0,1,1,1,1,1,0,0,0,0,0,0,1,1,1,1,1,1,0,0,0,0,0,0,0,0,0,0,0,0,0,0,0,0,0,0,0,0,0,-6,-5,2,-5,-1,5,0,0,0,-6,-1,6,0,0,0,0,0,0,0,0,0
CZ_almost no disease_4_17-02-2020_22-03-2020,CZ_almost no disease_4_17-02-2020_22-03-2020,Czech Republic,14.466667,50.083332,17/02/2020,22/03/2020,35,almost no disease,4,43983,17-02-2020,0,0,0,0,0,0,0,0,0,0,0,0,0,0,0,0,0,0,0,0,0,0,0,0,0,0,0,0,0,0,0,0,0,0,0,0,0,0,0,0,0,0,0,0,0,0,0,0,0,0,0,0,0,0,0,0,0,0,0,0,0,0,0,0,0,0,0,0,0,0,0,0
CZ_almost no disease_11_27-04-2020_19-07-2020,CZ_almost no disease_11_27-04-2020_19-07-2020,Czech Republic,14.466667,50.083332,27/04/2020,19/07/2020,84,almost no disease,11,16-03-2020,27-04-2020,1,0,0,0,0,0,1,1,1,1,1,1,0,0,0,0,0,0,0,0,0,0,0,0,0,0,0,0,0,0,1,0,0,0,0,0,1,1,1,1,1,1,0,0,0,0,0,0,-6,-6,1,-6,-1,6,0,0,0,0,0,0,0,0,0,-6,-6,1,-6,-1,6,0,0,0
CZ_almost no disease_1_14-06-2021..27-06-2021,CZ_almost no disease_1_14-06-2021..27-06-2021,Czech Republic,14.466667,50.083332,14/06/2021,27/06/2021,14,almost no disease,1,44260,14-06-2021,0,0,0,0,0,0,0,1,1,1,1,1,1,1,0,0,0,0,0,0,0,0,0,0,1,1,1,1,1,1,0,0,0,0,0,0,0,0,0,0,0,0,0,0,0,0,0,0,0,0,0,-5,-1,5,-6,-5,2,0,0,0,-6,-1,6,0,0,0,0,0,0,0,0,0
CZ_low to medium morbidity_6_16-03-2020_03-05-2020,CZ_low to medium morbidity_6_16-03-2020_03-05-2020,Czech Republic,14.466667,50.083332,16/03/2020,43895,49,low to medium morbidity,6,43892,16-03-2020,0,0,1,1,1,1,0,0,0,0,0,0,0,0,0,0,0,0,0,0,0,0,0,0,0,0,1,1,1,1,0,0,0,0,0,1,0,0,0,0,0,0,0,0,0,0,0,0,-4,-1,4,0,0,0,0,0,0,0,0,0,-4,-1,4,-1,-1,1,0,0,0,0,0,0
CZ_low to medium morbidity_8_13-07-2020_13-09-2020,CZ_low to medium morbidity_8_13-07-2020_13-09-2020,Czech Republic,14.466667,50.083332,13/07/2020,13/09/2020,63,low to medium morbidity,8,43836,13-07-2020,1,1,1,1,1,1,0,0,0,0,0,0,0,0,0,0,0,0,0,0,0,0,0,0,1,1,1,1,1,1,0,0,0,0,0,0,0,0,0,0,0,0,0,0,0,0,0,0,-6,-1,6,0,0,0,0,0,0,0,0,0,-6,-1,6,0,0,0,0,0,0,0,0,0
CZ_low to medium morbidity_5_10-05-2021_20-06-2021,CZ_low to medium morbidity_5_10-05-2021_20-06-2021,Czech Republic,14.466667,50.083332,44474,20/06/2021,42,low to medium morbidity,5,29-03-2021,44474,0,0,0,0,0,0,0,0,0,0,0,0,0,0,1,1,1,1,1,1,1,0,0,0,1,1,1,1,1,1,0,0,0,0,0,0,0,0,0,0,0,0,0,0,0,0,0,0,0,0,0,0,0,0,-4,-1,4,-6,-4,3,-6,-1,6,0,0,0,0,0,0,0,0,0
CZ_high morbidity_5_07-09-2020_18-10-2020,CZ_high morbidity_5_07-09-2020_18-10-2020,Czech Republic,14.466667,50.083332,44021,18/10/2020,42,high morbidity,5,27-07-2020,44021,0,0,0,0,0,0,1,1,1,1,1,1,0,0,0,0,0,0,0,0,0,0,0,0,1,1,1,1,1,1,0,0,0,0,0,0,0,0,0,0,0,0,0,0,0,0,0,0,0,0,0,-6,-1,6,0,0,0,0,0,0,-6,-1,6,0,0,0,0,0,0,0,0,0
CZ_high morbidity_4_12-04-2021_16-05-2021,CZ_high morbidity_4_12-04-2021_16-05-2021,Czech Republic,14.466667,50.083332,44534,16/05/2021,35,high morbidity,4,44199,44534,0,0,0,0,0,0,0,0,0,0,0,0,0,0,0,0,0,0,1,1,1,1,1,1,1,1,1,1,1,1,0,0,0,0,0,0,0,0,0,0,0,0,0,0,0,0,0,0,0,0,0,0,0,0,0,0,0,-6,-1,6,-6,-1,6,0,0,0,0,0,0,0,0,0
CZ_high morbidity and mortality_26_12-10-2020_18-04-2021,CZ_high morbidity and mortality_26_12-10-2020_18-04-2021,Czech Republic,14.466667,50.083332,44175,18/04/2021,189,high morbidity and mortality,26,31-08-2020,44175,0,0,0,0,0,0,1,1,0,0,0,0,0,1,1,1,1,1,0,0,0,0,0,0,1,1,1,1,1,1,0,0,0,0,0,0,0,0,0,0,0,0,0,0,0,0,0,0,0,0,0,-6,-5,2,-5,-1,5,0,0,0,-6,-1,6,0,0,0,0,0,0,0,0,0
DE_almost no disease_3_17-02-2020_15-03-2020,DE_almost no disease_3_17-02-2020_15-03-2020,Germany,13.4,52.516666,17/02/2020,15/03/2020,28,almost no disease,3,43983,17-02-2020,0,0,0,0,0,0,0,0,0,0,0,0,0,0,0,0,0,0,0,0,0,0,0,0,0,0,0,0,0,0,0,0,0,0,0,0,0,0,0,0,0,0,0,0,0,0,0,0,0,0,0,0,0,0,0,0,0,0,0,0,0,0,0,0,0,0,0,0,0,0,0,0
DE_almost no disease_14_04-05-2020_16-08-2020,DE_almost no disease_14_04-05-2020_16-08-2020,Germany,13.4,52.516666,43926,16/08/2020,105,almost no disease,14,23-03-2020,43926,0,0,0,0,0,0,1,1,1,1,1,1,0,0,0,0,0,0,0,0,0,0,0,0,0,0,0,0,0,0,1,0,0,0,0,0,1,1,1,1,1,1,0,0,0,0,0,1,0,0,0,-6,-1,6,0,0,0,0,0,0,0,0,0,-6,-6,1,-6,-1,6,-1,-1,1
DE_almost no disease_1_14-06-2021..27-06-2021,DE_almost no disease_1_14-06-2021..27-06-2021,Germany,13.4,52.516666,14/06/2021,27/06/2021,14,almost no disease,1,44260,14-06-2021,0,0,0,0,0,0,0,0,1,1,1,1,1,1,1,0,0,0,0,0,0,0,0,0,1,1,1,1,1,1,0,0,0,0,0,0,0,0,0,0,0,0,0,0,0,0,0,0,0,0,0,-4,-1,4,-6,-4,3,0,0,0,-6,-1,6,0,0,0,0,0,0,0,0,0
DE_low to medium morbidity_8_09-03-2020_10-05-2020,DE_low to medium morbidity_8_09-03-2020_10-05-2020,Germany,13.4,52.516666,44077,44109,63,low to medium morbidity,8,27-01-2020,44077,0,0,0,1,1,1,0,0,0,0,0,0,0,0,0,0,0,0,0,0,0,0,0,0,0,0,0,1,1,1,0,0,0,0,0,0,0,0,0,0,0,0,0,0,0,0,0,0,-3,-1,3,0,0,0,0,0,0,0,0,0,-3,-1,3,0,0,0,0,0,0,0,0,0
DE_low to medium morbidity_9_10-08-2020_18-10-2020,DE_low to medium morbidity_9_10-08-2020_18-10-2020,Germany,13.4,52.516666,44112,18/10/2020,70,low to medium morbidity,9,29-06-2020,44112,1,1,1,1,1,1,0,0,0,0,0,0,0,0,0,0,0,0,0,0,0,0,0,0,1,1,1,1,1,1,0,0,0,0,0,0,0,0,0,0,0,0,0,0,0,0,0,0,-6,-1,6,0,0,0,0,0,0,0,0,0,-6,-1,6,0,0,0,0,0,0,0,0,0
DE_low to medium morbidity_4_17-05-2021_20-06-2021,DE_low to medium morbidity_4_17-05-2021_20-06-2021,Germany,13.4,52.516666,17/05/2021,20/06/2021,35,low to medium morbidity,4,44320,17-05-2021,0,0,0,0,0,0,0,0,0,0,0,0,1,1,1,1,1,1,0,0,0,0,0,0,0,1,1,1,1,1,0,0,0,0,0,0,0,0,0,0,0,0,1,1,0,0,0,0,0,0,0,0,0,0,-6,-1,6,0,0,0,-5,-1,5,0,0,0,0,0,0,-6,-5,2
DE_high morbidity_7_12-10-2020_06-12-2020,DE_high morbidity_7_12-10-2020_06-12-2020,Germany,13.4,52.516666,44175,43994,56,high morbidity,7,31-08-2020,44175,0,0,0,0,0,0,1,1,1,1,1,1,0,0,0,0,0,0,0,0,0,0,0,0,1,1,1,1,1,1,0,0,0,0,0,0,0,0,0,0,0,0,0,0,0,0,0,0,0,0,0,-6,-1,6,0,0,0,0,0,0,-6,-1,6,0,0,0,0,0,0,0,0,0
DE_high morbidity_18_11-01-2021_23-05-2021,DE_high morbidity_18_11-01-2021_23-05-2021,Germany,13.4,52.516666,44501,23/05/2021,133,high morbidity,18,30-11-2020,44501,0,0,0,0,0,0,0,0,0,0,0,0,1,0,0,0,0,0,1,1,1,1,1,1,1,1,0,0,0,0,0,1,1,1,0,0,0,0,0,1,1,0,0,0,0,0,1,1,0,0,0,0,0,0,-6,-6,1,-6,-1,6,-6,-5,2,-5,-3,3,-3,-2,2,-2,-1,2
DE_high morbidity and mortality_6_30-11-2020_17-01-2021,DE_high morbidity and mortality_6_30-11-2020_17-01-2021,Germany,13.4,52.516666,30/11/2020,17/01/2021,49,high morbidity and mortality,6,19-10-2020,30-11-2020,0,0,0,0,0,0,0,0,0,0,0,0,1,1,1,1,1,1,0,0,0,0,0,0,1,1,1,1,1,1,0,0,0,0,0,0,0,0,0,0,0,0,0,0,0,0,0,0,0,0,0,0,0,0,-6,-1,6,0,0,0,-6,-1,6,0,0,0,0,0,0,0,0,0
DK_almost no disease_2_17-02-2020_08-03-2020,DK_almost no disease_2_17-02-2020_08-03-2020,Denmark,12.583333,55.666668,17/02/2020,44046,21,almost no disease,2,43983,17-02-2020,0,0,0,0,0,0,0,0,0,0,0,0,0,0,0,0,0,0,0,0,0,0,0,0,0,0,0,0,0,0,0,0,0,0,0,0,0,0,0,0,0,0,0,0,0,0,0,0,0,0,0,0,0,0,0,0,0,0,0,0,0,0,0,0,0,0,0,0,0,0,0,0
DK_almost no disease_10_18-05-2020_02-08-2020,DK_almost no disease_10_18-05-2020_02-08-2020,Denmark,12.583333,55.666668,18/05/2020,43869,77,almost no disease,10,43986,18-05-2020,0,0,0,0,0,0,1,1,1,1,1,1,0,0,0,0,0,0,0,0,0,0,0,0,0,0,0,0,1,1,0,0,0,0,0,0,1,1,0,0,0,0,0,1,1,1,1,0,0,0,0,-6,-1,6,0,0,0,0,0,0,-2,-1,2,0,0,0,-6,-5,2,-5,-2,4
DK_low to medium morbidity_11_02-03-2020_24-05-2020,DK_low to medium morbidity_11_02-03-2020_24-05-2020,Denmark,12.583333,55.666668,43864,24/05/2020,84,low to medium morbidity,11,20-01-2020,43864,0,0,0,0,1,1,0,0,0,0,0,0,0,0,0,0,0,0,0,0,0,0,0,0,0,0,0,0,1,1,0,0,0,0,0,0,0,0,0,0,0,0,0,0,0,0,0,0,-2,-1,2,0,0,0,0,0,0,0,0,0,-2,-1,2,0,0,0,0,0,0,0,0,0
DK_low to medium morbidity_11_27-07-2020_18-10-2020,DK_low to medium morbidity_11_27-07-2020_18-10-2020,Denmark,12.583333,55.666668,27/07/2020,18/10/2020,84,low to medium morbidity,11,15-06-2020,27-07-2020,1,1,1,1,1,1,0,0,0,0,0,0,0,0,0,0,0,0,0,0,0,0,0,0,1,1,1,1,1,1,0,0,0,0,0,0,0,0,0,0,0,0,0,0,0,0,0,0,-6,-1,6,0,0,0,0,0,0,0,0,0,-6,-1,6,0,0,0,0,0,0,0,0,0
DK_low to medium morbidity_4_25-01-2021_28-02-2021,DK_low to medium morbidity_4_25-01-2021_28-02-2021,Denmark,12.583333,55.666668,25/01/2021,28/02/2021,35,low to medium morbidity,4,14-12-2020,25-01-2021,0,0,0,0,0,0,0,0,0,0,0,0,1,1,1,1,1,1,0,0,0,0,0,0,0,0,0,0,0,0,1,1,0,0,0,0,0,1,1,1,1,1,0,0,0,0,0,0,0,0,0,0,0,0,-6,-1,6,0,0,0,0,0,0,-6,-5,2,-5,-1,5,0,0,0
DK_low to medium morbidity_2_07-06-2021_27-06-2021,DK_low to medium morbidity_2_07-06-2021_27-06-2021,Denmark,12.583333,55.666668,44383,27/06/2021,21,low to medium morbidity,2,26-04-2021,44383,0,0,0,0,0,0,0,0,0,0,0,0,1,1,1,1,1,1,0,0,0,0,0,0,1,1,1,1,1,1,0,0,0,0,0,0,0,0,0,0,0,0,0,0,0,0,0,0,0,0,0,0,0,0,-6,-1,6,0,0,0,-6,-1,6,0,0,0,0,0,0,0,0,0
DK_high morbidity_15_12-10-2020_31-01-2021,DK_high morbidity_15_12-10-2020_31-01-2021,Denmark,12.583333,55.666668,44175,31/01/2021,112,high morbidity,15,31-08-2020,44175,0,0,0,0,0,0,1,1,1,1,1,1,0,0,0,0,0,0,0,0,0,0,0,0,1,1,1,1,1,1,0,0,0,0,0,0,0,0,0,0,0,0,0,0,0,0,0,0,0,0,0,-6,-1,6,0,0,0,0,0,0,-6,-1,6,0,0,0,0,0,0,0,0,0
DK_high morbidity_15_22-02-2021_13-06-2021,DK_high morbidity_15_22-02-2021_13-06-2021,Denmark,12.583333,55.666668,22/02/2021,13/06/2021,112,high morbidity,15,44501,22-02-2021,0,0,0,0,0,0,0,0,1,1,1,1,1,1,1,0,0,0,0,0,0,0,0,0,0,0,0,0,0,0,0,0,0,0,0,0,1,1,1,1,1,1,0,0,0,0,0,1,0,0,0,-4,-1,4,-6,-4,3,0,0,0,0,0,0,0,0,0,-6,-1,6,-1,-1,1
EE_almost no disease_3_17-02-2020_15-03-2020,EE_almost no disease_3_17-02-2020_15-03-2020,Estonia,24.716667,59.433334,17/02/2020,15/03/2020,28,almost no disease,3,43983,17-02-2020,0,0,0,0,0,0,0,0,0,0,0,0,0,0,0,0,0,0,0,0,0,0,0,0,0,0,0,0,0,0,0,0,0,0,0,0,0,0,0,0,0,0,0,0,0,0,0,0,0,0,0,0,0,0,0,0,0,0,0,0,0,0,0,0,0,0,0,0,0,0,0,0
EE_almost no disease_13_11-05-2020_16-08-2020,EE_almost no disease_13_11-05-2020_16-08-2020,Estonia,24.716667,59.433334,44140,16/08/2020,98,almost no disease,13,30-03-2020,44140,0,0,0,0,0,0,1,1,1,1,1,1,0,0,0,0,0,0,0,0,0,0,0,0,0,0,0,0,0,1,1,0,0,0,0,0,1,1,1,0,0,0,0,0,1,1,1,1,0,0,0,-6,-1,6,0,0,0,0,0,0,-1,-1,1,-6,-6,1,-6,-4,3,-4,-1,4
EE_low to medium morbidity_9_09-03-2020_17-05-2020,EE_low to medium morbidity_9_09-03-2020_17-05-2020,Estonia,24.716667,59.433334,44077,17/05/2020,70,low to medium morbidity,9,27-01-2020,44077,0,0,0,1,1,1,0,0,0,0,0,0,0,0,0,0,0,0,0,0,0,0,0,0,0,0,0,1,1,1,0,0,0,0,0,0,0,0,0,0,0,0,0,0,0,0,0,0,-3,-1,3,0,0,0,0,0,0,0,0,0,-3,-1,3,0,0,0,0,0,0,0,0,0
EE_low to medium morbidity_6_14-09-2020_01-11-2020,EE_low to medium morbidity_6_14-09-2020_01-11-2020,Estonia,24.716667,59.433334,14/09/2020,43841,49,low to medium morbidity,6,43898,14-09-2020,1,1,0,0,0,0,0,0,0,0,0,0,0,0,0,0,0,0,0,0,0,0,0,0,1,1,0,0,0,0,0,0,0,0,0,0,0,0,0,0,0,0,0,0,0,0,0,0,-6,-5,2,0,0,0,0,0,0,0,0,0,-6,-5,2,0,0,0,0,0,0,0,0,0
EE_low to medium morbidity_4_24-05-2021_27-06-2021,EE_low to medium morbidity_4_24-05-2021_27-06-2021,Estonia,24.716667,59.433334,24/05/2021,27/06/2021,35,low to medium morbidity,4,44534,24-05-2021,0,0,0,0,0,0,0,0,0,0,0,0,1,1,1,1,1,1,0,0,0,0,0,0,1,1,1,1,1,1,0,0,0,0,0,0,0,0,0,0,0,0,0,0,0,0,0,0,0,0,0,0,0,0,-6,-1,6,0,0,0,-6,-1,6,0,0,0,0,0,0,0,0,0
EE_high morbidity_18_26-10-2020_07-03-2021,EE_high morbidity_18_26-10-2020_07-03-2021,Estonia,24.716667,59.433334,26/10/2020,44380,133,high morbidity,18,14-09-2020,26-10-2020,0,0,0,0,0,0,1,1,1,1,1,1,0,0,0,0,0,0,0,0,0,0,0,0,1,1,1,1,1,1,0,0,0,0,0,0,0,0,0,0,0,0,0,0,0,0,0,0,0,0,0,-6,-1,6,0,0,0,0,0,0,-6,-1,6,0,0,0,0,0,0,0,0,0
EE_high morbidity_7_05-04-2021_30-05-2021,EE_high morbidity_7_05-04-2021_30-05-2021,Estonia,24.716667,59.433334,44320,30/05/2021,56,high morbidity,7,22-02-2021,44320,0,0,0,0,0,0,0,0,0,0,0,0,1,1,0,0,0,0,0,1,1,1,1,1,1,1,1,1,1,1,0,0,0,0,0,0,0,0,0,0,0,0,0,0,0,0,0,0,0,0,0,0,0,0,-6,-5,2,-5,-1,5,-6,-1,6,0,0,0,0,0,0,0,0,0
EE_high morbidity and mortality_5_01-03-2021_11-04-2021,EE_high morbidity and mortality_5_01-03-2021_11-04-2021,Estonia,24.716667,59.433334,44199,44504,42,high morbidity and mortality,5,18-01-2021,44199,0,0,0,0,0,0,0,0,0,0,0,0,1,1,1,1,1,1,0,0,0,0,0,0,1,1,1,1,1,1,0,0,0,0,0,0,0,0,0,0,0,0,0,0,0,0,0,0,0,0,0,0,0,0,-6,-1,6,0,0,0,-6,-1,6,0,0,0,0,0,0,0,0,0
EG_almost no disease_14_17-02-2020_31-05-2020,EG_almost no disease_14_17-02-2020_31-05-2020,Egypt,31.25,30.05,17/02/2020,31/05/2020,105,almost no disease,14,43983,17-02-2020,0,0,0,0,0,0,0,0,0,0,0,0,0,0,0,0,0,0,0,0,0,0,0,0,0,0,0,0,0,0,0,0,0,0,0,0,0,0,0,0,0,0,0,0,0,0,0,0,0,0,0,0,0,0,0,0,0,0,0,0,0,0,0,0,0,0,0,0,0,0,0,0
EG_almost no disease_22_20-07-2020_27-12-2020,EG_almost no disease_22_20-07-2020_27-12-2020,Egypt,31.25,30.05,20/07/2020,27/12/2020,161,almost no disease,22,44049,20-07-2020,0,0,0,0,0,0,1,1,1,1,1,1,0,0,0,0,0,0,0,0,0,0,0,0,0,0,0,0,1,1,0,0,0,0,0,0,1,1,0,0,0,0,0,1,1,1,1,0,0,0,0,-6,-1,6,0,0,0,0,0,0,-2,-1,2,0,0,0,-6,-5,2,-5,-2,4
EG_almost no disease_8_22-02-2021_25-04-2021,EG_almost no disease_8_22-02-2021_25-04-2021,Egypt,31.25,30.05,22/02/2021,25/04/2021,63,almost no disease,8,44501,22-02-2021,0,0,0,0,0,0,1,1,1,1,1,1,0,0,0,0,0,0,0,0,0,0,0,0,1,1,1,1,1,1,0,0,0,0,0,0,0,0,0,0,0,0,0,0,0,0,0,0,0,0,0,-6,-1,6,0,0,0,0,0,0,-6,-1,6,0,0,0,0,0,0,0,0,0
EG_almost no disease_4_24-05-2021_27-06-2021,EG_almost no disease_4_24-05-2021_27-06-2021,Egypt,31.25,30.05,24/05/2021,27/06/2021,35,almost no disease,4,44534,24-05-2021,1,1,0,0,0,0,0,1,1,1,1,1,0,0,0,0,0,0,0,0,0,0,0,0,1,1,1,1,1,1,0,0,0,0,0,0,0,0,0,0,0,0,0,0,0,0,0,0,-6,-5,2,-5,-1,5,0,0,0,0,0,0,-6,-1,6,0,0,0,0,0,0,0,0,0
EG_low to medium morbidity_8_25-05-2020_26-07-2020,EG_low to medium morbidity_8_25-05-2020_26-07-2020,Egypt,31.25,30.05,25/05/2020,26/07/2020,63,low to medium morbidity,8,13-04-2020,25-05-2020,1,1,1,1,1,1,0,0,0,0,0,0,0,0,0,0,0,0,0,0,0,0,0,0,0,0,0,0,0,0,0,0,0,0,0,0,1,1,1,1,1,1,0,0,0,0,0,0,-6,-1,6,0,0,0,0,0,0,0,0,0,0,0,0,0,0,0,-6,-1,6,0,0,0
EG_low to medium morbidity_9_21-12-2020_28-02-2021,EG_low to medium morbidity_9_21-12-2020_28-02-2021,Egypt,31.25,30.05,21/12/2020,28/02/2021,70,low to medium morbidity,9,44085,21-12-2020,1,1,1,1,1,1,0,0,0,0,0,0,0,0,0,0,0,0,0,0,0,0,0,0,1,1,1,1,1,1,0,0,0,0,0,0,0,0,0,0,0,0,0,0,0,0,0,0,-6,-1,6,0,0,0,0,0,0,0,0,0,-6,-1,6,0,0,0,0,0,0,0,0,0
EG_low to medium morbidity_5_19-04-2021_30-05-2021,EG_low to medium morbidity_5_19-04-2021_30-05-2021,Egypt,31.25,30.05,19/04/2021,30/05/2021,42,low to medium morbidity,5,44411,19-04-2021,1,1,1,1,1,1,0,0,0,0,0,0,0,0,0,0,0,0,0,0,0,0,0,0,1,1,1,1,1,1,0,0,0,0,0,0,0,0,0,0,0,0,0,0,0,0,0,0,-6,-1,6,0,0,0,0,0,0,0,0,0,-6,-1,6,0,0,0,0,0,0,0,0,0
ES_almost no disease_2_17-02-2020_08-03-2020,ES_almost no disease_2_17-02-2020_08-03-2020,Spain,-3.683333,40.4,17/02/2020,44046,21,almost no disease,2,43983,17-02-2020,0,0,0,0,0,0,0,0,0,0,0,0,0,0,0,0,0,0,0,0,0,0,0,0,0,0,0,0,0,0,0,0,0,0,0,0,0,0,0,0,0,0,0,0,0,0,0,0,0,0,0,0,0,0,0,0,0,0,0,0,0,0,0,0,0,0,0,0,0,0,0,0
ES_almost no disease_3_08-06-2020_05-07-2020,ES_almost no disease_3_08-06-2020_05-07-2020,Spain,-3.683333,40.4,44049,43958,28,almost no disease,3,27-04-2020,44049,0,0,0,0,0,0,1,1,1,1,1,1,0,0,0,0,0,0,0,0,0,0,0,0,0,0,0,0,0,0,0,0,0,0,0,0,1,1,1,0,0,0,0,0,1,1,1,1,0,0,0,-6,-1,6,0,0,0,0,0,0,0,0,0,0,0,0,-6,-4,3,-4,-1,4
ES_low to medium morbidity_2_02-03-2020_22-03-2020,ES_low to medium morbidity_2_02-03-2020_22-03-2020,Spain,-3.683333,40.4,43864,22/03/2020,21,low to medium morbidity,2,20-01-2020,43864,0,0,0,0,1,1,0,0,0,0,0,0,0,0,0,0,0,0,0,0,0,0,0,0,0,0,0,0,1,1,0,0,0,0,0,0,0,0,0,0,0,0,0,0,0,0,0,0,-2,-1,2,0,0,0,0,0,0,0,0,0,-2,-1,2,0,0,0,0,0,0,0,0,0
ES_low to medium morbidity_7_20-04-2020_14-06-2020,ES_low to medium morbidity_7_20-04-2020_14-06-2020,Spain,-3.683333,40.4,20/04/2020,14/06/2020,56,low to medium morbidity,7,44077,20-04-2020,0,0,0,0,0,0,1,1,0,0,0,0,0,0,0,0,0,0,0,1,1,1,1,1,0,0,0,0,0,0,1,1,0,0,0,0,0,1,1,1,1,1,0,0,0,0,0,0,0,0,0,-6,-5,2,0,0,0,-5,-1,5,0,0,0,-6,-5,2,-5,-1,5,0,0,0
ES_low to medium morbidity_5_29-06-2020_09-08-2020,ES_low to medium morbidity_5_29-06-2020_09-08-2020,Spain,-3.683333,40.4,29/06/2020,44082,42,low to medium morbidity,5,18-05-2020,29-06-2020,0,0,0,1,1,1,1,1,1,1,0,0,0,0,0,0,0,0,0,0,0,0,0,0,0,0,0,0,1,1,0,0,0,0,0,0,0,0,0,0,0,0,1,1,1,1,1,0,-3,-1,3,-6,-3,4,0,0,0,0,0,0,-2,-1,2,0,0,0,0,0,0,-6,-2,5
ES_low to medium morbidity_4_24-05-2021_27-06-2021,ES_low to medium morbidity_4_24-05-2021_27-06-2021,Spain,-3.683333,40.4,24/05/2021,27/06/2021,35,low to medium morbidity,4,44534,24-05-2021,0,0,0,0,0,0,0,0,0,0,0,0,1,1,1,1,1,1,0,0,0,0,0,0,1,1,1,1,1,1,0,0,0,0,0,0,0,0,0,0,0,0,0,0,0,0,0,0,0,0,0,0,0,0,-6,-1,6,0,0,0,-6,-1,6,0,0,0,0,0,0,0,0,0
ES_high morbidity_23_03-08-2020_17-01-2021,ES_high morbidity_23_03-08-2020_17-01-2021,Spain,-3.683333,40.4,43898,17/01/2021,168,high morbidity,23,22-06-2020,43898,1,1,0,0,0,0,0,1,1,1,1,1,0,0,0,0,0,0,0,0,0,0,0,0,1,1,1,1,1,1,0,0,0,0,0,0,0,0,0,0,0,0,0,0,0,0,0,0,-6,-5,2,-5,-1,5,0,0,0,0,0,0,-6,-1,6,0,0,0,0,0,0,0,0,0
ES_high morbidity_15_08-02-2021_30-05-2021,ES_high morbidity_15_08-02-2021_30-05-2021,Spain,-3.683333,40.4,44410,30/05/2021,112,high morbidity,15,28-12-2020,44410,0,0,0,0,0,0,0,0,0,0,0,0,1,1,1,0,0,0,0,0,1,1,1,1,0,0,0,0,0,0,1,0,0,0,0,0,1,1,1,1,1,1,0,0,0,0,0,0,0,0,0,0,0,0,-6,-4,3,-4,-1,4,0,0,0,-6,-6,1,-6,-1,6,0,0,0
ES_high morbidity and mortality_5_16-03-2020_26-04-2020,ES_high morbidity and mortality_5_16-03-2020_26-04-2020,Spain,-3.683333,40.4,16/03/2020,26/04/2020,42,high morbidity and mortality,5,43892,16-03-2020,0,0,1,1,1,0,0,0,0,0,1,1,0,0,0,0,0,0,0,0,0,0,0,0,0,0,1,1,1,0,0,0,0,0,1,1,0,0,0,0,0,0,0,0,0,0,0,0,-4,-2,3,-2,-1,2,0,0,0,0,0,0,-4,-2,3,-2,-1,2,0,0,0,0,0,0
ES_high morbidity and mortality_4_11-01-2021_14-02-2021,ES_high morbidity and mortality_4_11-01-2021_14-02-2021,Spain,-3.683333,40.4,44501,14/02/2021,35,high morbidity and mortality,4,30-11-2020,44501,0,0,0,0,0,0,0,0,0,0,0,0,1,1,1,1,1,1,0,0,0,0,0,0,1,1,1,0,0,0,0,0,1,1,1,0,0,0,0,0,1,1,0,0,0,0,0,0,0,0,0,0,0,0,-6,-1,6,0,0,0,-6,-4,3,-4,-2,3,-2,-1,2,0,0,0
FI_almost no disease_3_17-02-2020_15-03-2020,FI_almost no disease_3_17-02-2020_15-03-2020,Finland,24.933332,60.166668,17/02/2020,15/03/2020,28,almost no disease,3,43983,17-02-2020,0,0,0,0,0,0,0,0,0,0,0,0,0,0,0,0,0,0,0,0,0,0,0,0,0,0,0,0,0,0,0,0,0,0,0,0,0,0,0,0,0,0,0,0,0,0,0,0,0,0,0,0,0,0,0,0,0,0,0,0,0,0,0,0,0,0,0,0,0,0,0,0
FI_almost no disease_18_11-05-2020_20-09-2020,FI_almost no disease_18_11-05-2020_20-09-2020,Finland,24.933332,60.166668,44140,20/09/2020,133,almost no disease,18,30-03-2020,44140,0,0,0,0,0,0,1,1,1,1,1,1,0,0,0,0,0,0,0,0,0,0,0,0,0,1,1,1,1,1,0,0,0,0,0,0,1,1,0,0,0,0,0,0,0,0,0,0,0,0,0,-6,-1,6,0,0,0,0,0,0,-5,-1,5,0,0,0,-6,-5,2,0,0,0
FI_low to medium morbidity_9_09-03-2020_17-05-2020,FI_low to medium morbidity_9_09-03-2020_17-05-2020,Finland,24.933332,60.166668,44077,17/05/2020,70,low to medium morbidity,9,27-01-2020,44077,0,0,0,1,1,1,0,0,0,0,0,0,0,0,0,0,0,0,0,0,0,0,0,0,0,0,0,1,1,1,0,0,0,0,0,0,0,0,0,0,0,0,0,0,0,0,0,0,-3,-1,3,0,0,0,0,0,0,0,0,0,-3,-1,3,0,0,0,0,0,0,0,0,0
FI_low to medium morbidity_22_14-09-2020_21-02-2021,FI_low to medium morbidity_22_14-09-2020_21-02-2021,Finland,24.933332,60.166668,14/09/2020,21/02/2021,161,low to medium morbidity,22,43898,14-09-2020,1,1,1,1,1,1,0,0,0,0,0,0,0,0,0,0,0,0,0,0,0,0,0,0,1,1,1,1,1,1,0,0,0,0,0,0,0,0,0,0,0,0,0,0,0,0,0,0,-6,-1,6,0,0,0,0,0,0,0,0,0,-6,-1,6,0,0,0,0,0,0,0,0,0
FI_low to medium morbidity_12_29-03-2021_27-06-2021,FI_low to medium morbidity_12_29-03-2021_27-06-2021,Finland,24.933332,60.166668,29/03/2021,27/06/2021,91,low to medium morbidity,12,15-02-2021,29-03-2021,0,0,0,0,0,0,1,0,0,0,0,0,1,1,1,1,1,1,0,0,0,0,0,0,1,1,1,1,1,1,0,0,0,0,0,0,0,0,0,0,0,0,0,0,0,0,0,0,0,0,0,-6,-6,1,-6,-1,6,0,0,0,-6,-1,6,0,0,0,0,0,0,0,0,0
FI_high morbidity_6_15-02-2021_04-04-2021,FI_high morbidity_6_15-02-2021_04-04-2021,Finland,24.933332,60.166668,15/02/2021,44290,49,high morbidity,6,44287,15-02-2021,0,0,0,0,0,0,1,1,1,1,1,1,0,0,0,0,0,0,0,0,0,0,0,0,1,1,1,1,1,1,0,0,0,0,0,0,0,0,0,0,0,0,0,0,0,0,0,0,0,0,0,-6,-1,6,0,0,0,0,0,0,-6,-1,6,0,0,0,0,0,0,0,0,0
FR_almost no disease_3_17-02-2020_15-03-2020,FR_almost no disease_3_17-02-2020_15-03-2020,France,2.333333,48.866665,17/02/2020,15/03/2020,28,almost no disease,3,43983,17-02-2020,0,0,0,0,0,0,0,0,0,0,0,0,0,0,0,0,0,0,0,0,0,0,0,0,0,0,0,0,0,0,0,0,0,0,0,0,0,0,0,0,0,0,0,0,0,0,0,0,0,0,0,0,0,0,0,0,0,0,0,0,0,0,0,0,0,0,0,0,0,0,0,0
FR_almost no disease_6_08-06-2020_26-07-2020,FR_almost no disease_6_08-06-2020_26-07-2020,France,2.333333,48.866665,44049,26/07/2020,49,almost no disease,6,27-04-2020,44049,0,0,0,0,0,0,1,1,1,1,1,1,0,0,0,0,0,0,0,0,0,0,0,0,0,0,0,0,0,0,0,0,0,0,0,0,1,0,0,0,0,0,1,1,1,1,1,1,0,0,0,-6,-1,6,0,0,0,0,0,0,0,0,0,0,0,0,-6,-6,1,-6,-1,6
FR_low to medium morbidity_13_09-03-2020_14-06-2020,FR_low to medium morbidity_13_09-03-2020_14-06-2020,France,2.333333,48.866665,44077,14/06/2020,98,low to medium morbidity,13,27-01-2020,44077,0,0,0,1,1,1,0,0,0,0,0,0,0,0,0,0,0,0,0,0,0,0,0,0,0,0,0,1,1,1,0,0,0,0,0,0,0,0,0,0,0,0,0,0,0,0,0,0,-3,-1,3,0,0,0,0,0,0,0,0,0,-3,-1,3,0,0,0,0,0,0,0,0,0
FR_low to medium morbidity_6_20-07-2020_06-09-2020,FR_low to medium morbidity_6_20-07-2020_06-09-2020,France,2.333333,48.866665,20/07/2020,43991,49,low to medium morbidity,6,44049,20-07-2020,1,1,1,1,1,1,1,0,0,0,0,0,0,0,0,0,0,0,0,0,0,0,0,0,1,1,1,1,1,1,0,0,0,0,0,0,0,0,0,0,0,0,1,0,0,0,0,0,-6,-1,6,-6,-6,1,0,0,0,0,0,0,-6,-1,6,0,0,0,0,0,0,-6,-6,1
FR_low to medium morbidity_3_31-05-2021_27-06-2021,FR_low to medium morbidity_3_31-05-2021_27-06-2021,France,2.333333,48.866665,31/05/2021,27/06/2021,28,low to medium morbidity,3,19-04-2021,31-05-2021,0,0,0,0,0,0,0,0,0,0,0,0,1,1,1,1,1,1,0,0,0,0,0,0,0,0,1,1,1,1,0,0,0,0,0,0,1,1,0,0,0,0,0,1,1,0,0,0,0,0,0,0,0,0,-6,-1,6,0,0,0,-4,-1,4,0,0,0,-6,-5,2,-5,-4,2
FR_high morbidity_39_31-08-2020_06-06-2021,FR_high morbidity_39_31-08-2020_06-06-2021,France,2.333333,48.866665,31/08/2020,44353,280,high morbidity,39,20-07-2020,31-08-2020,1,0,0,0,0,0,1,1,1,1,1,1,0,0,0,0,0,0,0,0,0,0,0,0,1,1,1,1,1,1,0,0,0,0,0,0,0,0,0,0,0,0,0,0,0,0,0,0,-6,-6,1,-6,-1,6,0,0,0,0,0,0,-6,-1,6,0,0,0,0,0,0,0,0,0
GB_almost no disease_3_17-02-2020_15-03-2020,GB_almost no disease_3_17-02-2020_15-03-2020,United Kingdom,-0.083333,51.5,17/02/2020,15/03/2020,28,almost no disease,3,43983,17-02-2020,0,0,0,0,0,0,0,0,0,0,0,0,0,0,0,0,0,0,0,0,0,0,0,0,0,0,0,0,0,0,0,0,0,0,0,0,0,0,0,0,0,0,0,0,0,0,0,0,0,0,0,0,0,0,0,0,0,0,0,0,0,0,0,0,0,0,0,0,0,0,0,0
GB_almost no disease_3_06-07-2020_02-08-2020,GB_almost no disease_3_06-07-2020_02-08-2020,United Kingdom,-0.083333,51.5,43989,43869,28,almost no disease,3,25-05-2020,43989,0,0,0,0,0,0,1,1,1,1,1,1,0,0,0,0,0,0,0,0,0,0,0,0,0,0,0,0,0,0,0,0,0,0,0,0,1,1,1,1,1,1,0,0,0,0,0,0,0,0,0,-6,-1,6,0,0,0,0,0,0,0,0,0,0,0,0,-6,-1,6,0,0,0
GB_low to medium morbidity_2_09-03-2020_29-03-2020,GB_low to medium morbidity_2_09-03-2020_29-03-2020,United Kingdom,-0.083333,51.5,44077,29/03/2020,21,low to medium morbidity,2,27-01-2020,44077,0,0,0,1,1,1,0,0,0,0,0,0,0,0,0,0,0,0,0,0,0,0,0,0,0,0,0,1,1,1,0,0,0,0,0,0,0,0,0,0,0,0,0,0,0,0,0,0,-3,-1,3,0,0,0,0,0,0,0,0,0,-3,-1,3,0,0,0,0,0,0,0,0,0
GB_low to medium morbidity_10_27-04-2020_12-07-2020,GB_low to medium morbidity_10_27-04-2020_12-07-2020,United Kingdom,-0.083333,51.5,27/04/2020,44172,77,low to medium morbidity,10,16-03-2020,27-04-2020,0,0,0,0,0,0,1,1,0,0,0,0,0,0,0,0,0,0,0,1,1,1,1,1,0,0,0,0,0,0,1,1,1,0,0,0,0,0,1,1,1,1,0,0,0,0,0,0,0,0,0,-6,-5,2,0,0,0,-5,-1,5,0,0,0,-6,-4,3,-4,-1,4,0,0,0
GB_low to medium morbidity_8_27-07-2020_27-09-2020,GB_low to medium morbidity_8_27-07-2020_27-09-2020,United Kingdom,-0.083333,51.5,27/07/2020,27/09/2020,63,low to medium morbidity,8,15-06-2020,27-07-2020,0,0,0,1,1,1,1,1,1,1,0,0,0,0,0,0,0,0,0,0,0,0,0,0,0,0,0,0,0,0,0,0,0,0,0,0,1,1,1,1,1,1,0,0,0,0,0,0,-3,-1,3,-6,-3,4,0,0,0,0,0,0,0,0,0,0,0,0,-6,-1,6,0,0,0
GB_low to medium morbidity_13_01-03-2021_06-06-2021,GB_low to medium morbidity_13_01-03-2021_06-06-2021,United Kingdom,-0.083333,51.5,44199,44353,98,low to medium morbidity,13,18-01-2021,44199,0,0,0,0,0,0,0,0,0,0,0,0,0,0,0,1,1,1,1,1,1,1,0,0,0,0,0,0,0,0,0,0,0,0,0,0,1,1,1,1,1,1,0,0,0,0,0,0,0,0,0,0,0,0,-3,-1,3,-6,-3,4,0,0,0,0,0,0,-6,-1,6,0,0,0
GB_high morbidity_12_21-09-2020_20-12-2020,GB_high morbidity_12_21-09-2020_20-12-2020,United Kingdom,-0.083333,51.5,21/09/2020,20/12/2020,91,high morbidity,12,44112,21-09-2020,0,0,0,0,0,0,1,1,1,1,1,1,0,0,0,0,0,0,0,0,0,0,0,0,0,0,0,0,0,0,0,0,0,0,0,0,1,1,1,1,1,1,0,0,0,0,0,0,0,0,0,-6,-1,6,0,0,0,0,0,0,0,0,0,0,0,0,-6,-1,6,0,0,0
GB_high morbidity_3_08-02-2021_07-03-2021,GB_high morbidity_3_08-02-2021_07-03-2021,United Kingdom,-0.083333,51.5,44410,44380,28,high morbidity,3,28-12-2020,44410,0,0,0,0,0,0,0,0,0,0,0,0,0,0,0,0,0,0,1,1,1,1,1,1,0,0,0,0,0,0,1,0,0,0,0,0,1,1,1,1,1,1,0,0,0,0,0,0,0,0,0,0,0,0,0,0,0,-6,-1,6,0,0,0,-6,-6,1,-6,-1,6,0,0,0
GB_high morbidity_3_31-05-2021_27-06-2021,GB_high morbidity_3_31-05-2021_27-06-2021,United Kingdom,-0.083333,51.5,31/05/2021,27/06/2021,28,high morbidity,3,19-04-2021,31-05-2021,0,0,0,0,0,0,1,1,1,1,1,1,0,0,0,0,0,0,0,0,0,0,0,0,0,0,0,0,1,1,0,0,0,0,0,0,1,1,1,0,0,0,0,0,1,1,1,0,0,0,0,-6,-1,6,0,0,0,0,0,0,-2,-1,2,0,0,0,-6,-4,3,-4,-2,3
GB_high morbidity and mortality_5_23-03-2020_03-05-2020,GB_high morbidity and mortality_5_23-03-2020_03-05-2020,United Kingdom,-0.083333,51.5,23/03/2020,43895,42,high morbidity and mortality,5,44106,23-03-2020,0,1,1,1,1,0,0,0,0,0,1,1,0,0,0,0,0,0,0,0,0,0,0,0,0,1,1,1,1,0,0,0,0,0,1,1,0,0,0,0,0,0,0,0,0,0,0,0,-5,-2,4,-2,-1,2,0,0,0,0,0,0,-5,-2,4,-2,-1,2,0,0,0,0,0,0
GB_high morbidity and mortality_8_14-12-2020_14-02-2021,GB_high morbidity and mortality_8_14-12-2020_14-02-2021,United Kingdom,-0.083333,51.5,14/12/2020,14/02/2021,63,high morbidity and mortality,8,43872,14-12-2020,0,0,0,0,0,0,0,0,0,0,0,0,1,1,1,1,1,1,0,0,0,0,0,0,0,0,0,0,0,0,0,0,0,0,0,1,1,1,1,1,0,0,0,0,0,1,1,1,0,0,0,0,0,0,-6,-1,6,0,0,0,0,0,0,-1,-1,1,-6,-3,4,-3,-1,3
GE_almost no disease_12_17-02-2020_17-05-2020,GE_almost no disease_12_17-02-2020_17-05-2020,Georgia,44.833332,41.683334,17/02/2020,17/05/2020,91,almost no disease,12,43983,17-02-2020,0,0,0,0,0,0,0,0,0,0,0,0,0,0,0,0,0,0,0,0,0,0,0,0,0,0,0,0,0,0,0,0,0,0,0,0,0,0,0,0,0,0,0,0,0,0,0,0,0,0,0,0,0,0,0,0,0,0,0,0,0,0,0,0,0,0,0,0,0,0,0,0
GE_almost no disease_8_06-07-2020_06-09-2020,GE_almost no disease_8_06-07-2020_06-09-2020,Georgia,44.833332,41.683334,43989,43991,63,almost no disease,8,25-05-2020,43989,0,0,0,0,0,0,0,0,0,0,0,0,0,0,0,0,0,0,0,0,0,0,0,0,0,0,0,0,0,0,0,0,0,0,0,0,0,0,0,0,0,0,0,0,0,0,0,0,0,0,0,0,0,0,0,0,0,0,0,0,0,0,0,0,0,0,0,0,0,0,0,0
GE_low to medium morbidity_3_31-08-2020_27-09-2020,GE_low to medium morbidity_3_31-08-2020_27-09-2020,Georgia,44.833332,41.683334,31/08/2020,27/09/2020,28,low to medium morbidity,3,20-07-2020,31-08-2020,1,1,1,1,1,1,0,0,0,0,0,0,0,0,0,0,0,0,0,0,0,0,0,0,1,1,1,1,1,1,0,0,0,0,0,0,0,0,0,0,0,0,0,0,0,0,0,0,-6,-1,6,0,0,0,0,0,0,0,0,0,-6,-1,6,0,0,0,0,0,0,0,0,0
GE_low to medium morbidity_4_15-02-2021_21-03-2021,GE_low to medium morbidity_4_15-02-2021_21-03-2021,Georgia,44.833332,41.683334,15/02/2021,21/03/2021,35,low to medium morbidity,4,44287,15-02-2021,0,0,0,0,0,0,0,0,0,0,0,0,1,1,1,1,1,1,0,0,0,0,0,0,0,0,0,0,0,1,0,0,0,0,0,0,1,1,1,1,1,0,0,0,0,0,1,1,0,0,0,0,0,0,-6,-1,6,0,0,0,-1,-1,1,0,0,0,-6,-2,5,-2,-1,2
GE_high morbidity_7_21-09-2020_15-11-2020,GE_high morbidity_7_21-09-2020_15-11-2020,Georgia,44.833332,41.683334,21/09/2020,15/11/2020,56,high morbidity,7,44112,21-09-2020,1,1,1,1,0,0,0,0,0,1,1,1,0,0,0,0,0,0,0,0,0,0,0,0,1,1,1,1,1,1,0,0,0,0,0,0,0,0,0,0,0,0,0,0,0,0,0,0,-6,-3,4,-3,-1,3,0,0,0,0,0,0,-6,-1,6,0,0,0,0,0,0,0,0,0
GE_high morbidity_7_28-12-2020_21-02-2021,GE_high morbidity_7_28-12-2020_21-02-2021,Georgia,44.833332,41.683334,28/12/2020,21/02/2021,56,high morbidity,7,16-11-2020,28-12-2020,0,0,0,0,0,0,0,0,0,0,0,0,0,0,0,0,0,0,1,1,1,1,1,1,1,1,0,0,0,0,0,1,1,0,0,0,0,0,1,1,1,1,0,0,0,0,0,0,0,0,0,0,0,0,0,0,0,-6,-1,6,-6,-5,2,-5,-4,2,-4,-1,4,0,0,0
GE_high morbidity_14_15-03-2021_27-06-2021,GE_high morbidity_14_15-03-2021_27-06-2021,Georgia,44.833332,41.683334,15/03/2021,27/06/2021,105,high morbidity,14,44198,15-03-2021,0,0,0,0,0,0,0,0,1,1,1,1,1,1,1,0,0,0,0,0,0,0,0,0,0,1,1,1,1,1,0,0,0,0,0,0,1,0,0,0,0,0,1,1,0,0,0,0,0,0,0,-4,-1,4,-6,-4,3,0,0,0,-5,-1,5,0,0,0,-6,-6,1,-6,-5,2
GE_high morbidity and mortality_7_09-11-2020_03-01-2021,GE_high morbidity and mortality_7_09-11-2020_03-01-2021,Georgia,44.833332,41.683334,44085,44256,56,high morbidity and mortality,7,28-09-2020,44085,0,0,0,0,0,0,0,0,0,0,0,0,1,1,1,1,1,1,0,0,0,0,0,0,1,1,1,1,1,1,0,0,0,0,0,0,0,0,0,0,0,0,0,0,0,0,0,0,0,0,0,0,0,0,-6,-1,6,0,0,0,-6,-1,6,0,0,0,0,0,0,0,0,0
GR_almost no disease_24_17-02-2020_09-08-2020,GR_almost no disease_24_17-02-2020_09-08-2020,Greece,23.733334,37.983334,17/02/2020,44082,175,almost no disease,24,43983,17-02-2020,0,0,0,0,0,0,0,0,0,0,0,0,0,0,0,0,0,0,0,0,0,0,0,0,0,0,0,0,0,0,0,0,0,0,0,0,0,0,0,0,0,0,0,0,0,0,0,0,0,0,0,0,0,0,0,0,0,0,0,0,0,0,0,0,0,0,0,0,0,0,0,0
GR_low to medium morbidity_11_03-08-2020_25-10-2020,GR_low to medium morbidity_11_03-08-2020_25-10-2020,Greece,23.733334,37.983334,43898,25/10/2020,84,low to medium morbidity,11,22-06-2020,43898,1,1,1,1,1,1,0,0,0,0,0,0,0,0,0,0,0,0,0,0,0,0,0,0,1,1,1,1,1,1,0,0,0,0,0,0,0,0,0,0,0,0,0,0,0,0,0,0,-6,-1,6,0,0,0,0,0,0,0,0,0,-6,-1,6,0,0,0,0,0,0,0,0,0
GR_low to medium morbidity_7_14-12-2020_07-02-2021,GR_low to medium morbidity_7_14-12-2020_07-02-2021,Greece,23.733334,37.983334,14/12/2020,44379,56,low to medium morbidity,7,43872,14-12-2020,0,0,0,0,0,0,0,0,0,0,0,0,1,1,1,0,0,0,0,0,1,1,1,1,0,0,0,0,0,0,1,1,1,0,0,0,0,0,1,1,1,1,0,0,0,0,0,0,0,0,0,0,0,0,-6,-4,3,-4,-1,4,0,0,0,-6,-4,3,-4,-1,4,0,0,0
GR_low to medium morbidity_3_31-05-2021_27-06-2021,GR_low to medium morbidity_3_31-05-2021_27-06-2021,Greece,23.733334,37.983334,31/05/2021,27/06/2021,28,low to medium morbidity,3,19-04-2021,31-05-2021,0,0,0,0,0,0,0,0,0,0,0,0,1,1,1,1,1,1,0,0,0,0,0,0,1,1,1,1,1,1,0,0,0,0,0,0,0,0,0,0,0,0,0,0,0,0,0,0,0,0,0,0,0,0,-6,-1,6,0,0,0,-6,-1,6,0,0,0,0,0,0,0,0,0
GR_high morbidity_4_19-10-2020_22-11-2020,GR_high morbidity_4_19-10-2020_22-11-2020,Greece,23.733334,37.983334,19/10/2020,22/11/2020,35,high morbidity,4,44021,19-10-2020,0,0,0,0,0,0,1,1,1,1,1,1,0,0,0,0,0,0,0,0,0,0,0,0,1,1,1,1,1,1,0,0,0,0,0,0,0,0,0,0,0,0,0,0,0,0,0,0,0,0,0,-6,-1,6,0,0,0,0,0,0,-6,-1,6,0,0,0,0,0,0,0,0,0
GR_high morbidity_17_01-02-2021_06-06-2021,GR_high morbidity_17_01-02-2021_06-06-2021,Greece,23.733334,37.983334,44198,44353,126,high morbidity,17,21-12-2020,44198,0,0,0,0,0,0,1,1,1,1,1,1,0,0,0,0,0,0,0,0,0,0,0,0,0,0,0,0,0,0,0,0,0,0,0,0,1,1,1,1,1,1,0,0,0,0,0,0,0,0,0,-6,-1,6,0,0,0,0,0,0,0,0,0,0,0,0,-6,-1,6,0,0,0
GR_high morbidity and mortality_4_16-11-2020_20-12-2020,GR_high morbidity and mortality_4_16-11-2020_20-12-2020,Greece,23.733334,37.983334,16/11/2020,20/12/2020,35,high morbidity and mortality,4,43961,16-11-2020,0,0,0,0,0,0,1,1,1,0,0,0,0,0,1,1,1,1,0,0,0,0,0,0,1,1,1,1,0,0,0,0,0,1,1,1,0,0,0,0,0,0,0,0,0,0,0,0,0,0,0,-6,-4,3,-4,-1,4,0,0,0,-6,-3,4,-3,-1,3,0,0,0,0,0,0
HR_almost no disease_4_17-02-2020_22-03-2020,HR_almost no disease_4_17-02-2020_22-03-2020,Croatia,16,45.8,17/02/2020,22/03/2020,35,almost no disease,4,43983,17-02-2020,0,0,0,0,0,0,0,0,0,0,0,0,0,0,0,0,0,0,0,0,0,0,0,0,0,0,0,0,0,0,0,0,0,0,0,0,0,0,0,0,0,0,0,0,0,0,0,0,0,0,0,0,0,0,0,0,0,0,0,0,0,0,0,0,0,0,0,0,0,0,0,0
HR_almost no disease_7_04-05-2020_28-06-2020,HR_almost no disease_7_04-05-2020_28-06-2020,Croatia,16,45.8,43926,28/06/2020,56,almost no disease,7,23-03-2020,43926,0,0,0,0,0,0,1,1,1,1,1,1,0,0,0,0,0,0,0,0,0,0,0,0,0,0,0,0,0,0,1,0,0,0,0,0,1,1,1,1,1,1,0,0,0,0,0,1,0,0,0,-6,-1,6,0,0,0,0,0,0,0,0,0,-6,-6,1,-6,-1,6,-1,-1,1
HR_low to medium morbidity_7_16-03-2020_10-05-2020,HR_low to medium morbidity_7_16-03-2020_10-05-2020,Croatia,16,45.8,16/03/2020,44109,56,low to medium morbidity,7,43892,16-03-2020,0,0,1,1,1,1,0,0,0,0,0,0,0,0,0,0,0,0,0,0,0,0,0,0,0,0,1,1,1,1,0,0,0,0,0,1,0,0,0,0,0,0,0,0,0,0,0,0,-4,-1,4,0,0,0,0,0,0,0,0,0,-4,-1,4,-1,-1,1,0,0,0,0,0,0
HR_low to medium morbidity_15_22-06-2020_11-10-2020,HR_low to medium morbidity_15_22-06-2020_11-10-2020,Croatia,16,45.8,22/06/2020,44145,112,low to medium morbidity,15,44140,22-06-2020,1,1,1,1,1,1,0,0,0,0,0,0,0,0,0,0,0,0,0,0,0,0,0,0,0,1,1,1,1,1,0,0,0,0,0,0,0,0,0,0,0,0,1,1,0,0,0,0,-6,-1,6,0,0,0,0,0,0,0,0,0,-5,-1,5,0,0,0,0,0,0,-6,-5,2
HR_low to medium morbidity_4_24-05-2021_27-06-2021,HR_low to medium morbidity_4_24-05-2021_27-06-2021,Croatia,16,45.8,24/05/2021,27/06/2021,35,low to medium morbidity,4,44534,24-05-2021,0,0,0,0,0,0,0,0,0,0,0,0,0,0,0,0,1,1,1,1,1,1,1,0,1,1,1,1,1,1,0,0,0,0,0,0,0,0,0,0,0,0,0,0,0,0,0,0,0,0,0,0,0,0,-2,-1,2,-6,-2,5,-6,-1,6,0,0,0,0,0,0,0,0,0
HR_high morbidity_4_05-10-2020_08-11-2020,HR_high morbidity_4_05-10-2020_08-11-2020,Croatia,16,45.8,43961,44054,35,high morbidity,4,24-08-2020,43961,0,0,0,0,0,0,1,1,1,1,1,1,0,0,0,0,0,0,0,0,0,0,0,0,1,1,1,1,1,1,0,0,0,0,0,0,0,0,0,0,0,0,0,0,0,0,0,0,0,0,0,-6,-1,6,0,0,0,0,0,0,-6,-1,6,0,0,0,0,0,0,0,0,0
HR_high morbidity_11_18-01-2021_11-04-2021,HR_high morbidity_11_18-01-2021_11-04-2021,Croatia,16,45.8,18/01/2021,44504,84,high morbidity,11,44024,18-01-2021,0,0,0,0,0,0,0,0,0,0,0,0,0,0,0,0,0,0,1,1,1,1,1,1,1,1,0,0,0,0,0,1,1,0,0,0,0,0,1,1,0,0,0,0,0,1,1,1,0,0,0,0,0,0,0,0,0,-6,-1,6,-6,-5,2,-5,-4,2,-4,-3,2,-3,-1,3
HR_high morbidity_2_10-05-2021_30-05-2021,HR_high morbidity_2_10-05-2021_30-05-2021,Croatia,16,45.8,44474,30/05/2021,21,high morbidity,2,29-03-2021,44474,0,0,0,0,0,0,0,0,0,0,0,0,1,1,0,0,0,0,0,1,1,1,1,1,1,1,1,1,1,1,0,0,0,0,0,0,0,0,0,0,0,0,0,0,0,0,0,0,0,0,0,0,0,0,-6,-5,2,-5,-1,5,-6,-1,6,0,0,0,0,0,0,0,0,0
HR_high morbidity and mortality_11_02-11-2020_24-01-2021,HR_high morbidity and mortality_11_02-11-2020_24-01-2021,Croatia,16,45.8,43872,24/01/2021,84,high morbidity and mortality,11,21-09-2020,43872,0,0,0,0,0,0,1,1,1,0,0,0,0,0,1,1,1,1,0,0,0,0,0,0,1,1,1,1,1,1,0,0,0,0,0,0,0,0,0,0,0,0,0,0,0,0,0,0,0,0,0,-6,-4,3,-4,-1,4,0,0,0,-6,-1,6,0,0,0,0,0,0,0,0,0
HR_high morbidity and mortality_5_05-04-2021_16-05-2021,HR_high morbidity and mortality_5_05-04-2021_16-05-2021,Croatia,16,45.8,44320,16/05/2021,42,high morbidity and mortality,5,22-02-2021,44320,0,0,0,0,0,0,0,0,0,0,0,0,1,1,1,1,1,1,0,0,0,0,0,0,1,1,1,1,1,1,0,0,0,0,0,0,0,0,0,0,0,0,0,0,0,0,0,0,0,0,0,0,0,0,-6,-1,6,0,0,0,-6,-1,6,0,0,0,0,0,0,0,0,0
HU_almost no disease_6_17-02-2020_05-04-2020,HU_almost no disease_6_17-02-2020_05-04-2020,Hungary,19.083332,47.5,17/02/2020,43955,49,almost no disease,6,43983,17-02-2020,0,0,0,0,0,0,0,0,0,0,0,0,0,0,0,0,0,0,0,0,0,0,0,0,0,0,0,0,0,0,0,0,0,0,0,0,0,0,0,0,0,0,0,0,0,0,0,0,0,0,0,0,0,0,0,0,0,0,0,0,0,0,0,0,0,0,0,0,0,0,0,0
HU_almost no disease_13_25-05-2020_30-08-2020,HU_almost no disease_13_25-05-2020_30-08-2020,Hungary,19.083332,47.5,25/05/2020,30/08/2020,98,almost no disease,13,13-04-2020,25-05-2020,0,0,0,0,0,0,1,1,1,1,1,1,0,0,0,0,0,0,0,0,0,0,0,0,0,0,0,1,1,1,0,0,0,0,0,0,1,1,1,0,0,0,0,0,1,1,0,0,0,0,0,-6,-1,6,0,0,0,0,0,0,-3,-1,3,0,0,0,-6,-4,3,-4,-3,2
HU_almost no disease_1_14-06-2021..27-06-2021,HU_almost no disease_1_14-06-2021..27-06-2021,Hungary,19.083332,47.5,14/06/2021,27/06/2021,14,almost no disease,1,44260,14-06-2021,0,0,0,0,0,0,0,1,1,1,1,1,0,0,0,0,0,0,1,1,0,0,0,0,1,1,1,1,1,1,0,0,0,0,0,0,0,0,0,0,0,0,0,0,0,0,0,0,0,0,0,-5,-1,5,0,0,0,-6,-5,2,-6,-1,6,0,0,0,0,0,0,0,0,0
HU_low to medium morbidity_8_30-03-2020_31-05-2020,HU_low to medium morbidity_8_30-03-2020_31-05-2020,Hungary,19.083332,47.5,30/03/2020,31/05/2020,63,low to medium morbidity,8,17-02-2020,30-03-2020,1,1,1,1,1,1,0,0,0,0,0,0,0,0,0,0,0,0,0,0,0,0,0,0,1,1,1,1,0,0,0,0,0,1,1,1,0,0,0,0,0,1,0,0,0,0,0,0,-6,-1,6,0,0,0,0,0,0,0,0,0,-6,-3,4,-3,-1,3,-1,-1,1,0,0,0
HU_low to medium morbidity_4_24-08-2020_27-09-2020,HU_low to medium morbidity_4_24-08-2020_27-09-2020,Hungary,19.083332,47.5,24/08/2020,27/09/2020,35,low to medium morbidity,4,13-07-2020,24-08-2020,1,1,1,1,1,1,0,0,0,0,0,0,0,0,0,0,0,0,0,0,0,0,0,0,1,1,1,1,1,1,0,0,0,0,0,0,0,0,0,0,0,0,0,0,0,0,0,0,-6,-1,6,0,0,0,0,0,0,0,0,0,-6,-1,6,0,0,0,0,0,0,0,0,0
HU_low to medium morbidity_5_10-05-2021_20-06-2021,HU_low to medium morbidity_5_10-05-2021_20-06-2021,Hungary,19.083332,47.5,44474,20/06/2021,42,low to medium morbidity,5,29-03-2021,44474,0,0,0,0,0,0,0,0,0,0,0,0,0,0,0,0,0,0,1,1,1,1,1,1,1,1,1,1,1,1,0,0,0,0,0,0,0,0,0,0,0,0,0,0,0,0,0,0,0,0,0,0,0,0,0,0,0,-6,-1,6,-6,-1,6,0,0,0,0,0,0,0,0,0
HU_high morbidity_5_21-09-2020_01-11-2020,HU_high morbidity_5_21-09-2020_01-11-2020,Hungary,19.083332,47.5,21/09/2020,43841,42,high morbidity,5,44112,21-09-2020,1,1,1,0,0,0,0,0,1,1,1,1,0,0,0,0,0,0,0,0,0,0,0,0,1,1,1,1,1,1,0,0,0,0,0,0,0,0,0,0,0,0,0,0,0,0,0,0,-6,-4,3,-4,-1,4,0,0,0,0,0,0,-6,-1,6,0,0,0,0,0,0,0,0,0
HU_high morbidity and mortality_28_26-10-2020_16-05-2021,HU_high morbidity and mortality_28_26-10-2020_16-05-2021,Hungary,19.083332,47.5,26/10/2020,16/05/2021,203,high morbidity and mortality,28,14-09-2020,26-10-2020,0,0,0,0,0,0,1,1,0,0,0,0,0,1,1,1,1,1,0,0,0,0,0,0,1,1,1,1,1,1,0,0,0,0,0,0,0,0,0,0,0,0,0,0,0,0,0,0,0,0,0,-6,-5,2,-5,-1,5,0,0,0,-6,-1,6,0,0,0,0,0,0,0,0,0
IE_almost no disease_3_17-02-2020_15-03-2020,IE_almost no disease_3_17-02-2020_15-03-2020,Ireland,-6.233333,53.316666,17/02/2020,15/03/2020,28,almost no disease,3,43983,17-02-2020,0,0,0,0,0,0,0,0,0,0,0,0,0,0,0,0,0,0,0,0,0,0,0,0,0,0,0,0,0,0,0,0,0,0,0,0,0,0,0,0,0,0,0,0,0,0,0,0,0,0,0,0,0,0,0,0,0,0,0,0,0,0,0,0,0,0,0,0,0,0,0,0
IE_almost no disease_7_08-06-2020_02-08-2020,IE_almost no disease_7_08-06-2020_02-08-2020,Ireland,-6.233333,53.316666,44049,43869,56,almost no disease,7,27-04-2020,44049,0,0,0,0,0,0,1,1,1,1,1,1,1,0,0,0,0,0,0,0,0,0,0,0,0,0,0,0,0,0,0,0,0,0,0,0,1,1,1,1,1,1,0,0,0,0,0,0,0,0,0,-6,-1,6,-6,-6,1,0,0,0,0,0,0,0,0,0,-6,-1,6,0,0,0
IE_low to medium morbidity_3_09-03-2020_05-04-2020,IE_low to medium morbidity_3_09-03-2020_05-04-2020,Ireland,-6.233333,53.316666,44077,43955,28,low to medium morbidity,3,27-01-2020,44077,0,0,0,1,1,1,0,0,0,0,0,0,0,0,0,0,0,0,0,0,0,0,0,0,0,0,0,1,1,1,0,0,0,0,0,0,0,0,0,0,0,0,0,0,0,0,0,0,-3,-1,3,0,0,0,0,0,0,0,0,0,-3,-1,3,0,0,0,0,0,0,0,0,0
IE_low to medium morbidity_6_27-04-2020_14-06-2020,IE_low to medium morbidity_6_27-04-2020_14-06-2020,Ireland,-6.233333,53.316666,27/04/2020,14/06/2020,49,low to medium morbidity,6,16-03-2020,27-04-2020,0,0,0,0,0,0,1,1,1,0,0,0,0,0,1,1,0,1,0,0,0,1,1,1,0,0,0,0,0,0,1,1,1,0,0,0,0,0,1,1,1,1,0,0,0,0,0,0,0,0,0,-6,-4,3,-4,-1,3,-3,-1,3,0,0,0,-6,-4,3,-4,-1,4,0,0,0
IE_low to medium morbidity_9_27-07-2020_04-10-2020,IE_low to medium morbidity_9_27-07-2020_04-10-2020,Ireland,-6.233333,53.316666,27/07/2020,43931,70,low to medium morbidity,9,15-06-2020,27-07-2020,1,1,1,1,1,1,0,0,0,0,0,0,0,0,0,0,0,0,0,0,0,0,0,0,1,1,1,1,1,1,0,0,0,0,0,0,1,0,0,0,0,0,0,0,0,0,0,0,-6,-1,6,0,0,0,0,0,0,0,0,0,-6,-1,6,0,0,0,-6,-6,1,0,0,0
IE_low to medium morbidity_6_02-11-2020_20-12-2020,IE_low to medium morbidity_6_02-11-2020_20-12-2020,Ireland,-6.233333,53.316666,43872,20/12/2020,49,low to medium morbidity,6,21-09-2020,43872,0,0,0,0,0,0,1,1,0,0,0,0,0,1,1,1,1,1,0,0,0,0,0,0,1,1,1,1,0,0,0,0,0,1,1,1,0,0,0,0,0,1,0,0,0,0,0,0,0,0,0,-6,-5,2,-5,-1,5,0,0,0,-6,-3,4,-3,-1,3,-1,-1,1,0,0,0
IE_low to medium morbidity_11_05-04-2021_27-06-2021,IE_low to medium morbidity_11_05-04-2021_27-06-2021,Ireland,-6.233333,53.316666,44320,27/06/2021,84,low to medium morbidity,11,22-02-2021,44320,0,0,0,0,0,0,0,0,0,0,0,0,1,1,1,1,1,1,0,0,0,0,0,0,0,0,0,0,0,0,0,0,0,0,0,0,1,1,1,1,1,1,0,0,0,0,0,0,0,0,0,0,0,0,-6,-1,6,0,0,0,0,0,0,0,0,0,-6,-1,6,0,0,0
IE_high morbidity_1_30-03-2020..12-04-2020,IE_high morbidity_1_30-03-2020..12-04-2020,Ireland,-6.233333,53.316666,30/03/2020,44169,14,high morbidity,1,17-02-2020,30-03-2020,1,1,1,1,0,0,0,0,0,1,1,1,0,0,0,0,0,0,0,0,0,0,0,0,1,1,1,1,0,0,0,0,0,1,1,1,0,0,0,0,0,0,0,0,0,0,0,0,-6,-3,4,-3,-1,3,0,0,0,0,0,0,-6,-3,4,-3,-1,3,0,0,0,0,0,0
IE_high morbidity_1_20-04-2020..03-05-2020,IE_high morbidity_1_20-04-2020..03-05-2020,Ireland,-6.233333,53.316666,20/04/2020,43895,14,high morbidity,1,44077,20-04-2020,1,0,0,0,0,0,1,1,1,1,0,0,0,0,0,1,1,0,0,0,0,0,1,1,1,0,0,0,0,0,1,1,1,1,0,0,0,0,0,1,1,1,0,0,0,0,0,0,-6,-6,1,-6,-3,4,-3,-2,2,-2,-1,2,-6,-6,1,-6,-3,4,-3,-1,3,0,0,0
IE_high morbidity_5_28-09-2020_08-11-2020,IE_high morbidity_5_28-09-2020_08-11-2020,Ireland,-6.233333,53.316666,28/09/2020,44054,42,high morbidity,5,17-08-2020,28-09-2020,0,0,0,0,0,0,1,1,1,1,1,1,0,0,0,0,0,0,0,0,0,0,0,0,0,0,0,0,1,1,1,0,0,0,0,0,1,1,1,0,0,0,0,0,1,1,1,0,0,0,0,-6,-1,6,0,0,0,0,0,0,-2,-1,2,-6,-6,1,-6,-4,3,-4,-2,3
IE_high morbidity_3_14-12-2020_10-01-2021,IE_high morbidity_3_14-12-2020_10-01-2021,Ireland,-6.233333,53.316666,14/12/2020,44470,28,high morbidity,3,43872,14-12-2020,0,0,0,0,0,0,1,1,1,1,1,1,1,0,0,0,0,0,0,0,0,0,0,0,0,0,0,0,0,1,0,0,0,0,0,0,1,1,1,1,0,0,0,0,0,1,1,1,0,0,0,-6,-1,6,-6,-6,1,0,0,0,-1,-1,1,0,0,0,-6,-3,4,-3,-1,3
IE_high morbidity_8_08-02-2021_11-04-2021,IE_high morbidity_8_08-02-2021_11-04-2021,Ireland,-6.233333,53.316666,44410,44504,63,high morbidity,8,28-12-2020,44410,0,0,0,0,0,0,0,0,0,0,0,0,1,1,0,0,0,0,0,1,1,1,1,1,0,0,0,0,0,0,1,0,0,0,0,0,1,1,1,1,1,1,0,0,0,0,0,0,0,0,0,0,0,0,-6,-5,2,-5,-1,5,0,0,0,-6,-6,1,-6,-1,6,0,0,0
IE_high morbidity and mortality_2_06-04-2020_26-04-2020,IE_high morbidity and mortality_2_06-04-2020_26-04-2020,Ireland,-6.233333,53.316666,43986,26/04/2020,21,high morbidity and mortality,2,24-02-2020,43986,1,1,1,0,0,0,0,0,1,1,1,1,0,0,0,0,0,1,0,0,0,0,0,0,1,1,1,0,0,0,0,0,1,1,1,1,0,0,0,0,0,1,0,0,0,0,0,0,-6,-4,3,-4,-1,4,-1,-1,1,0,0,0,-6,-4,3,-4,-1,4,-1,-1,1,0,0,0
IE_high morbidity and mortality_5_04-01-2021_14-02-2021,IE_high morbidity and mortality_5_04-01-2021_14-02-2021,Ireland,-6.233333,53.316666,44287,14/02/2021,42,high morbidity and mortality,5,23-11-2020,44287,0,0,0,0,0,0,1,1,1,1,0,0,0,0,0,1,1,1,0,0,0,0,0,0,0,0,1,1,0,0,0,0,0,1,1,1,1,0,0,0,0,1,1,1,1,0,0,0,0,0,0,-6,-3,4,-3,-1,3,0,0,0,-4,-3,2,-3,-1,3,-6,-1,2,-6,-4,3
IL_almost no disease_3_17-02-2020_15-03-2020,IL_almost no disease_3_17-02-2020_15-03-2020,Israel,35.233334,31.766666,17/02/2020,15/03/2020,28,almost no disease,3,43983,17-02-2020,0,0,0,0,0,0,0,0,0,0,0,0,0,0,0,0,0,0,0,0,0,0,0,0,0,0,0,0,0,0,0,0,0,0,0,0,0,0,0,0,0,0,0,0,0,0,0,0,0,0,0,0,0,0,0,0,0,0,0,0,0,0,0,0,0,0,0,0,0,0,0,0
IL_almost no disease_5_27-04-2020_07-06-2020,IL_almost no disease_5_27-04-2020_07-06-2020,Israel,35.233334,31.766666,27/04/2020,44018,42,almost no disease,5,16-03-2020,27-04-2020,0,0,0,0,0,0,1,1,1,1,1,1,0,0,0,0,0,0,0,0,0,0,0,0,0,0,0,0,0,0,1,1,0,0,0,0,0,1,1,1,1,1,0,0,0,0,0,0,0,0,0,-6,-1,6,0,0,0,0,0,0,0,0,0,-6,-5,2,-5,-1,5,0,0,0
IL_almost no disease_8_19-04-2021_20-06-2021,IL_almost no disease_8_19-04-2021_20-06-2021,Israel,35.233334,31.766666,19/04/2021,20/06/2021,63,almost no disease,8,44411,19-04-2021,0,0,0,0,0,0,0,0,1,1,1,1,1,1,1,0,0,0,0,0,0,0,0,0,1,1,1,1,1,1,0,0,0,0,0,0,0,0,0,0,0,0,1,0,0,0,0,0,0,0,0,-4,-1,4,-6,-4,3,0,0,0,-6,-1,6,0,0,0,0,0,0,-6,-6,1
IL_low to medium morbidity_7_09-03-2020_03-05-2020,IL_low to medium morbidity_7_09-03-2020_03-05-2020,Israel,35.233334,31.766666,44077,43895,56,low to medium morbidity,7,27-01-2020,44077,0,0,0,1,1,1,0,0,0,0,0,0,0,0,0,0,0,0,0,0,0,0,0,0,0,0,0,1,1,1,0,0,0,0,0,1,0,0,0,0,0,0,0,0,0,0,0,0,-3,-1,3,0,0,0,0,0,0,0,0,0,-3,-1,3,-1,-1,1,0,0,0,0,0,0
IL_low to medium morbidity_4_01-06-2020_05-07-2020,IL_low to medium morbidity_4_01-06-2020_05-07-2020,Israel,35.233334,31.766666,43836,43958,35,low to medium morbidity,4,20-04-2020,43836,0,1,1,1,1,1,1,1,0,0,0,0,0,0,0,0,0,0,0,0,0,0,0,0,0,0,0,0,0,0,0,0,0,0,0,0,1,1,0,0,0,0,0,1,1,1,1,1,-5,-1,5,-6,-5,2,0,0,0,0,0,0,0,0,0,0,0,0,-6,-5,2,-5,-1,5
IL_low to medium morbidity_4_19-10-2020_22-11-2020,IL_low to medium morbidity_4_19-10-2020_22-11-2020,Israel,35.233334,31.766666,19/10/2020,22/11/2020,35,low to medium morbidity,4,44021,19-10-2020,0,0,0,0,0,0,0,0,0,0,0,0,1,1,1,1,1,1,0,0,0,0,0,0,1,0,0,0,0,0,1,1,1,0,0,0,0,0,1,1,1,1,0,0,0,0,0,0,0,0,0,0,0,0,-6,-1,6,0,0,0,-6,-6,1,-6,-4,3,-4,-1,4,0,0,0
IL_low to medium morbidity_4_22-03-2021_25-04-2021,IL_low to medium morbidity_4_22-03-2021_25-04-2021,Israel,35.233334,31.766666,22/03/2021,25/04/2021,35,low to medium morbidity,4,44410,22-03-2021,0,0,0,0,0,0,0,0,0,0,0,0,1,1,1,1,1,1,0,0,0,0,0,0,0,0,0,0,1,1,0,0,0,0,0,0,1,1,1,1,0,0,0,0,0,1,1,0,0,0,0,0,0,0,-6,-1,6,0,0,0,-2,-1,2,0,0,0,-6,-3,4,-3,-2,2
IL_low to medium morbidity_1_14-06-2021..27-06-2021,IL_low to medium morbidity_1_14-06-2021..27-06-2021,Israel,35.233334,31.766666,14/06/2021,27/06/2021,14,low to medium morbidity,1,44260,14-06-2021,1,1,1,1,1,1,0,0,0,0,0,0,0,0,0,0,0,0,0,0,0,0,0,0,1,0,0,1,1,1,1,1,0,0,0,0,0,0,0,0,0,0,0,1,1,1,0,0,-6,-1,6,0,0,0,0,0,0,0,0,0,-6,-1,4,-6,-5,2,0,0,0,-5,-3,3
IL_high morbidity_16_29-06-2020_25-10-2020,IL_high morbidity_16_29-06-2020_25-10-2020,Israel,35.233334,31.766666,29/06/2020,25/10/2020,119,high morbidity,16,18-05-2020,29-06-2020,1,1,1,0,0,0,0,0,1,1,1,1,0,0,0,0,0,0,0,0,0,0,0,0,0,0,1,1,1,1,0,0,0,0,0,0,0,0,0,0,0,0,1,1,1,0,0,0,-6,-4,3,-4,-1,4,0,0,0,0,0,0,-4,-1,4,0,0,0,0,0,0,-6,-4,3
IL_high morbidity_18_16-11-2020_28-03-2021,IL_high morbidity_18_16-11-2020_28-03-2021,Israel,35.233334,31.766666,16/11/2020,28/03/2021,133,high morbidity,18,43961,16-11-2020,0,0,0,0,0,0,0,0,1,1,1,1,1,1,1,0,0,0,0,0,0,0,0,0,0,0,0,0,0,0,0,0,0,0,0,0,1,1,1,1,1,1,0,0,0,0,0,0,0,0,0,-4,-1,4,-6,-4,3,0,0,0,0,0,0,0,0,0,-6,-1,6,0,0,0
IN_almost no disease_18_17-02-2020_28-06-2020,IN_almost no disease_18_17-02-2020_28-06-2020,India,77.2,28.6,17/02/2020,28/06/2020,133,almost no disease,18,43983,17-02-2020,0,0,0,0,0,0,0,0,0,0,0,0,0,0,0,0,0,0,0,0,0,0,0,0,0,0,0,0,0,0,0,0,0,0,0,0,0,0,0,0,0,0,0,0,0,0,0,0,0,0,0,0,0,0,0,0,0,0,0,0,0,0,0,0,0,0,0,0,0,0,0,0
IN_almost no disease_8_04-01-2021_07-03-2021,IN_almost no disease_8_04-01-2021_07-03-2021,India,77.2,28.6,44287,44380,63,almost no disease,8,23-11-2020,44287,0,0,0,0,0,0,1,1,1,1,1,1,0,0,0,0,0,0,0,0,0,0,0,0,1,1,1,1,1,1,0,0,0,0,0,0,0,0,0,0,0,0,0,0,0,0,0,0,0,0,0,-6,-1,6,0,0,0,0,0,0,-6,-1,6,0,0,0,0,0,0,0,0,0
IN_low to medium morbidity_28_22-06-2020_10-01-2021,IN_low to medium morbidity_28_22-06-2020_10-01-2021,India,77.2,28.6,22/06/2020,44470,203,low to medium morbidity,28,44140,22-06-2020,1,1,1,1,1,1,0,0,0,0,0,0,0,0,0,0,0,0,0,0,0,0,0,0,0,0,0,0,0,0,0,0,0,0,0,0,1,1,1,1,1,1,0,0,0,0,0,0,-6,-1,6,0,0,0,0,0,0,0,0,0,0,0,0,0,0,0,-6,-1,6,0,0,0
IN_low to medium morbidity_5_01-03-2021_11-04-2021,IN_low to medium morbidity_5_01-03-2021_11-04-2021,India,77.2,28.6,44199,44504,42,low to medium morbidity,5,18-01-2021,44199,1,1,1,1,1,1,0,0,0,0,0,0,0,0,0,0,0,0,0,0,0,0,0,0,1,1,1,1,1,1,0,0,0,0,0,0,0,0,0,0,0,0,0,0,0,0,0,0,-6,-1,6,0,0,0,0,0,0,0,0,0,-6,-1,6,0,0,0,0,0,0,0,0,0
IN_low to medium morbidity_3_31-05-2021_27-06-2021,IN_low to medium morbidity_3_31-05-2021_27-06-2021,India,77.2,28.6,31/05/2021,27/06/2021,28,low to medium morbidity,3,19-04-2021,31-05-2021,0,0,0,0,0,0,0,0,0,0,0,0,1,1,1,1,1,1,0,0,0,0,0,0,1,0,0,0,0,0,1,1,1,0,0,0,0,0,1,1,1,1,0,0,0,0,0,0,0,0,0,0,0,0,-6,-1,6,0,0,0,-6,-6,1,-6,-4,3,-4,-1,4,0,0,0
IN_high morbidity_8_05-04-2021_06-06-2021,IN_high morbidity_8_05-04-2021_06-06-2021,India,77.2,28.6,44320,44353,63,high morbidity,8,22-02-2021,44320,1,1,0,0,0,0,0,1,1,1,1,1,0,0,0,0,0,0,0,0,0,0,0,0,1,1,1,1,1,1,0,0,0,0,0,0,0,0,0,0,0,0,0,0,0,0,0,0,-6,-5,2,-5,-1,5,0,0,0,0,0,0,-6,-1,6,0,0,0,0,0,0,0,0,0
IQ_almost no disease_14_17-02-2020_31-05-2020,IQ_almost no disease_14_17-02-2020_31-05-2020,Iraq,44.4,33.333332,17/02/2020,31/05/2020,105,almost no disease,14,43983,17-02-2020,0,0,0,0,0,0,0,0,0,0,0,0,0,0,0,0,0,0,0,0,0,0,0,0,0,0,0,0,0,0,0,0,0,0,0,0,0,0,0,0,0,0,0,0,0,0,0,0,0,0,0,0,0,0,0,0,0,0,0,0,0,0,0,0,0,0,0,0,0,0,0,0
IQ_low to medium morbidity_11_25-05-2020_16-08-2020,IQ_low to medium morbidity_11_25-05-2020_16-08-2020,Iraq,44.4,33.333332,25/05/2020,16/08/2020,84,low to medium morbidity,11,13-04-2020,25-05-2020,1,1,1,1,1,1,0,0,0,0,0,0,0,0,0,0,0,0,0,0,0,0,0,0,0,0,0,0,0,0,0,0,0,0,0,0,1,1,1,1,1,1,0,0,0,0,0,0,-6,-1,6,0,0,0,0,0,0,0,0,0,0,0,0,0,0,0,-6,-1,6,0,0,0
IQ_low to medium morbidity_19_05-10-2020_21-02-2021,IQ_low to medium morbidity_19_05-10-2020_21-02-2021,Iraq,44.4,33.333332,43961,21/02/2021,140,low to medium morbidity,19,24-08-2020,43961,0,0,0,0,0,0,0,0,0,0,0,0,1,1,1,1,1,1,0,0,0,0,0,0,1,1,1,1,1,1,0,0,0,0,0,0,0,0,0,0,0,0,0,0,0,0,0,0,0,0,0,0,0,0,-6,-1,6,0,0,0,-6,-1,6,0,0,0,0,0,0,0,0,0
IQ_high morbidity_8_10-08-2020_11-10-2020,IQ_high morbidity_8_10-08-2020_11-10-2020,Iraq,44.4,33.333332,44112,44145,63,high morbidity,8,29-06-2020,44112,0,0,0,0,0,0,1,1,1,1,1,1,0,0,0,0,0,0,0,0,0,0,0,0,0,1,1,1,1,1,0,0,0,0,0,0,1,0,0,0,0,0,1,1,0,0,0,0,0,0,0,-6,-1,6,0,0,0,0,0,0,-5,-1,5,0,0,0,-6,-6,1,-6,-5,2
IQ_high morbidity_18_15-02-2021_27-06-2021,IQ_high morbidity_18_15-02-2021_27-06-2021,Iraq,44.4,33.333332,15/02/2021,27/06/2021,133,high morbidity,18,44287,15-02-2021,0,0,0,0,0,0,1,1,1,1,1,1,0,0,0,0,0,0,0,0,0,0,0,0,1,1,1,1,1,1,0,0,0,0,0,0,0,0,0,0,0,0,0,0,0,0,0,0,0,0,0,-6,-1,6,0,0,0,0,0,0,-6,-1,6,0,0,0,0,0,0,0,0,0
IT_almost no disease_1_17-02-2020..01-03-2020,IT_almost no disease_1_17-02-2020..01-03-2020,Italy,12.483333,41.9,17/02/2020,43833,14,almost no disease,1,43983,17-02-2020,0,0,0,0,0,0,0,0,0,0,0,0,0,0,0,0,0,0,0,0,0,0,0,0,0,0,0,0,0,0,0,0,0,0,0,0,0,0,0,0,0,0,0,0,0,0,0,0,0,0,0,0,0,0,0,0,0,0,0,0,0,0,0,0,0,0,0,0,0,0,0,0
IT_almost no disease_8_22-06-2020_23-08-2020,IT_almost no disease_8_22-06-2020_23-08-2020,Italy,12.483333,41.9,22/06/2020,23/08/2020,63,almost no disease,8,44140,22-06-2020,0,0,0,0,0,0,1,1,1,1,1,1,0,0,0,0,0,0,0,0,0,0,0,0,0,0,0,0,1,1,0,0,0,0,0,0,0,0,0,0,0,0,1,1,1,1,1,0,0,0,0,-6,-1,6,0,0,0,0,0,0,-2,-1,2,0,0,0,0,0,0,-6,-2,5
IT_low to medium morbidity_3_24-02-2020_22-03-2020,IT_low to medium morbidity_3_24-02-2020_22-03-2020,Italy,12.483333,41.9,24/02/2020,22/03/2020,28,low to medium morbidity,3,13-01-2020,24-02-2020,0,0,0,0,0,1,0,0,0,0,0,0,0,0,0,0,0,0,0,0,0,0,0,0,0,0,0,0,0,1,0,0,0,0,0,0,0,0,0,0,0,0,0,0,0,0,0,0,-1,-1,1,0,0,0,0,0,0,0,0,0,-1,-1,1,0,0,0,0,0,0,0,0,0
IT_low to medium morbidity_9_20-04-2020_28-06-2020,IT_low to medium morbidity_9_20-04-2020_28-06-2020,Italy,12.483333,41.9,20/04/2020,28/06/2020,70,low to medium morbidity,9,44077,20-04-2020,0,0,0,0,0,0,1,1,0,0,0,0,0,0,0,0,0,0,0,1,1,1,1,1,0,0,0,0,0,0,1,1,1,0,0,0,0,0,1,1,1,1,0,0,0,0,0,0,0,0,0,-6,-5,2,0,0,0,-5,-1,5,0,0,0,-6,-4,3,-4,-1,4,0,0,0
IT_low to medium morbidity_7_17-08-2020_11-10-2020,IT_low to medium morbidity_7_17-08-2020_11-10-2020,Italy,12.483333,41.9,17/08/2020,44145,56,low to medium morbidity,7,43989,17-08-2020,1,1,1,1,1,1,0,0,0,0,0,0,0,0,0,0,0,0,0,0,0,0,0,0,1,1,1,1,1,1,0,0,0,0,0,0,0,0,0,0,0,0,0,0,0,0,0,0,-6,-1,6,0,0,0,0,0,0,0,0,0,-6,-1,6,0,0,0,0,0,0,0,0,0
IT_low to medium morbidity_5_17-05-2021_27-06-2021,IT_low to medium morbidity_5_17-05-2021_27-06-2021,Italy,12.483333,41.9,17/05/2021,27/06/2021,42,low to medium morbidity,5,44320,17-05-2021,0,0,0,0,0,0,0,0,0,0,0,0,1,1,1,1,1,1,0,0,0,0,0,0,0,1,1,1,1,1,0,0,0,0,0,0,0,0,0,0,0,0,1,1,0,0,0,0,0,0,0,0,0,0,-6,-1,6,0,0,0,-5,-1,5,0,0,0,0,0,0,-6,-5,2
IT_high morbidity_5_05-10-2020_15-11-2020,IT_high morbidity_5_05-10-2020_15-11-2020,Italy,12.483333,41.9,43961,15/11/2020,42,high morbidity,5,24-08-2020,43961,0,0,0,0,0,0,1,1,1,1,1,1,0,0,0,0,0,0,0,0,0,0,0,0,1,1,1,1,1,1,0,0,0,0,0,0,0,0,0,0,0,0,0,0,0,0,0,0,0,0,0,-6,-1,6,0,0,0,0,0,0,-6,-1,6,0,0,0,0,0,0,0,0,0
IT_high morbidity_17_18-01-2021_23-05-2021,IT_high morbidity_17_18-01-2021_23-05-2021,Italy,12.483333,41.9,18/01/2021,23/05/2021,126,high morbidity,17,44024,18-01-2021,0,0,0,0,0,0,0,0,0,0,0,0,0,0,0,0,0,0,1,1,1,1,1,1,0,0,0,0,0,0,0,1,1,0,0,0,1,0,1,1,0,0,1,1,0,1,1,1,0,0,0,0,0,0,0,0,0,-6,-1,6,0,0,0,-5,-4,2,-6,-3,3,-6,-1,5
IT_high morbidity and mortality_5_16-03-2020_26-04-2020,IT_high morbidity and mortality_5_16-03-2020_26-04-2020,Italy,12.483333,41.9,16/03/2020,26/04/2020,42,high morbidity and mortality,5,43892,16-03-2020,0,0,1,1,0,0,0,0,0,1,1,1,0,0,0,0,0,0,0,0,0,0,0,0,0,0,1,1,1,0,0,0,0,0,1,1,0,0,0,0,0,0,0,0,0,0,0,0,-4,-3,2,-3,-1,3,0,0,0,0,0,0,-4,-2,3,-2,-1,2,0,0,0,0,0,0
IT_high morbidity and mortality_10_09-11-2020_24-01-2021,IT_high morbidity and mortality_10_09-11-2020_24-01-2021,Italy,12.483333,41.9,44085,24/01/2021,77,high morbidity and mortality,10,28-09-2020,44085,0,0,0,0,0,0,1,1,0,0,0,0,0,1,1,1,1,1,0,0,0,0,0,0,1,1,1,1,1,1,0,0,0,0,0,0,0,0,0,0,0,0,0,0,0,0,0,0,0,0,0,-6,-5,2,-5,-1,5,0,0,0,-6,-1,6,0,0,0,0,0,0,0,0,0
JO_almost no disease_29_17-02-2020_13-09-2020,JO_almost no disease_29_17-02-2020_13-09-2020,Jordan,35.933334,31.95,17/02/2020,13/09/2020,210,almost no disease,29,43983,17-02-2020,0,0,0,0,0,0,0,0,0,0,0,0,0,0,0,0,0,0,0,0,0,0,0,0,0,0,0,0,0,0,0,0,0,0,0,0,0,0,0,0,0,0,0,0,0,0,0,0,0,0,0,0,0,0,0,0,0,0,0,0,0,0,0,0,0,0,0,0,0,0,0,0
JO_low to medium morbidity_3_07-09-2020_04-10-2020,JO_low to medium morbidity_3_07-09-2020_04-10-2020,Jordan,35.933334,31.95,44021,43931,28,low to medium morbidity,3,27-07-2020,44021,1,1,1,1,1,1,0,0,0,0,0,0,0,0,0,0,0,0,0,0,0,0,0,0,1,1,1,1,1,1,0,0,0,0,0,0,0,0,0,0,0,0,0,0,0,0,0,0,-6,-1,6,0,0,0,0,0,0,0,0,0,-6,-1,6,0,0,0,0,0,0,0,0,0
JO_low to medium morbidity_2_11-01-2021_31-01-2021,JO_low to medium morbidity_2_11-01-2021_31-01-2021,Jordan,35.933334,31.95,44501,31/01/2021,21,low to medium morbidity,2,30-11-2020,44501,0,0,0,0,0,0,0,0,0,0,0,0,1,1,1,1,1,1,0,0,0,0,0,0,0,0,0,0,0,1,0,0,0,0,0,0,1,1,1,1,1,1,0,0,0,0,0,0,0,0,0,0,0,0,-6,-1,6,0,0,0,-1,-1,1,0,0,0,-6,-1,6,0,0,0
JO_low to medium morbidity_7_03-05-2021_27-06-2021,JO_low to medium morbidity_7_03-05-2021_27-06-2021,Jordan,35.933334,31.95,44260,27/06/2021,56,low to medium morbidity,7,22-03-2021,44260,0,0,0,0,0,0,0,0,0,0,0,0,0,0,1,1,1,1,1,1,1,0,0,0,0,0,0,0,0,0,0,0,0,0,0,0,1,1,1,1,1,0,0,0,0,0,1,1,0,0,0,0,0,0,-4,-1,4,-6,-4,3,0,0,0,0,0,0,-6,-2,5,-2,-1,2
JO_high morbidity_15_28-09-2020_17-01-2021,JO_high morbidity_15_28-09-2020_17-01-2021,Jordan,35.933334,31.95,28/09/2020,17/01/2021,112,high morbidity,15,17-08-2020,28-09-2020,1,1,1,1,0,0,0,0,0,1,1,1,0,0,0,0,0,0,0,0,0,0,0,0,1,1,1,1,1,1,0,0,0,0,0,0,0,0,0,0,0,0,0,0,0,0,0,0,-6,-3,4,-3,-1,3,0,0,0,0,0,0,-6,-1,6,0,0,0,0,0,0,0,0,0
JO_high morbidity_7_25-01-2021_21-03-2021,JO_high morbidity_7_25-01-2021_21-03-2021,Jordan,35.933334,31.95,25/01/2021,21/03/2021,56,high morbidity,7,14-12-2020,25-01-2021,0,0,0,0,0,0,0,0,0,0,1,1,1,1,1,1,1,0,0,0,0,0,0,0,0,0,0,1,1,1,0,0,0,0,0,0,1,1,1,1,0,0,0,0,0,0,0,0,0,0,0,-2,-1,2,-6,-2,5,0,0,0,-3,-1,3,0,0,0,-6,-3,4,0,0,0
JO_high morbidity_4_05-04-2021_09-05-2021,JO_high morbidity_4_05-04-2021_09-05-2021,Jordan,35.933334,31.95,44320,44444,35,high morbidity,4,22-02-2021,44320,0,0,0,0,0,0,0,0,0,0,0,0,1,1,1,1,0,0,0,0,0,1,1,1,1,1,1,1,0,0,0,0,0,0,0,0,0,0,0,1,1,1,0,0,0,0,0,0,0,0,0,0,0,0,-6,-3,4,-3,-1,3,-6,-3,4,0,0,0,-3,-1,3,0,0,0
JO_high morbidity and mortality_3_15-03-2021_11-04-2021,JO_high morbidity and mortality_3_15-03-2021_11-04-2021,Jordan,35.933334,31.95,15/03/2021,44504,28,high morbidity and mortality,3,44198,15-03-2021,0,0,0,0,0,0,0,0,0,0,0,0,1,1,1,1,1,1,0,0,0,0,0,0,1,1,1,1,1,1,0,0,0,0,0,0,0,0,0,0,0,0,0,0,0,0,0,0,0,0,0,0,0,0,-6,-1,6,0,0,0,-6,-1,6,0,0,0,0,0,0,0,0,0
JP_almost no disease_38_17-02-2020_15-11-2020,JP_almost no disease_38_17-02-2020_15-11-2020,Japan,139.75,35.683334,17/02/2020,15/11/2020,273,almost no disease,38,43983,17-02-2020,0,0,0,0,0,0,0,0,0,0,0,0,0,0,0,0,0,0,0,0,0,0,0,0,0,0,0,0,0,0,0,0,0,0,0,0,0,0,0,0,0,0,0,0,0,0,0,0,0,0,0,0,0,0,0,0,0,0,0,0,0,0,0,0,0,0,0,0,0,0,0,0
JP_almost no disease_4_22-02-2021_28-03-2021,JP_almost no disease_4_22-02-2021_28-03-2021,Japan,139.75,35.683334,22/02/2021,28/03/2021,35,almost no disease,4,44501,22-02-2021,0,0,0,0,0,0,1,1,1,1,1,1,0,0,0,0,0,0,0,0,0,0,0,0,1,1,1,1,1,1,0,0,0,0,0,0,0,0,0,0,0,0,0,0,0,0,0,0,0,0,0,-6,-1,6,0,0,0,0,0,0,-6,-1,6,0,0,0,0,0,0,0,0,0
JP_almost no disease_1_14-06-2021..27-06-2021,JP_almost no disease_1_14-06-2021..27-06-2021,Japan,139.75,35.683334,14/06/2021,27/06/2021,14,almost no disease,1,44260,14-06-2021,0,0,0,0,0,0,1,1,1,1,1,1,0,0,0,0,0,0,0,0,0,0,0,0,1,1,1,1,1,1,0,0,0,0,0,0,0,0,0,0,0,0,0,0,0,0,0,0,0,0,0,-6,-1,6,0,0,0,0,0,0,-6,-1,6,0,0,0,0,0,0,0,0,0
JP_low to medium morbidity_15_09-11-2020_28-02-2021,JP_low to medium morbidity_15_09-11-2020_28-02-2021,Japan,139.75,35.683334,44085,28/02/2021,112,low to medium morbidity,15,28-09-2020,44085,1,1,1,1,1,1,0,0,0,0,0,0,0,0,0,0,0,0,0,0,0,0,0,0,1,1,1,1,1,1,0,0,0,0,0,0,0,0,0,0,0,0,0,0,0,0,0,0,-6,-1,6,0,0,0,0,0,0,0,0,0,-6,-1,6,0,0,0,0,0,0,0,0,0
JP_low to medium morbidity_12_22-03-2021_20-06-2021,JP_low to medium morbidity_12_22-03-2021_20-06-2021,Japan,139.75,35.683334,22/03/2021,20/06/2021,91,low to medium morbidity,12,44410,22-03-2021,0,0,1,1,1,1,1,1,1,0,0,0,0,0,0,0,0,0,0,0,0,0,0,0,1,1,1,1,1,1,0,0,0,0,0,0,0,0,0,0,0,0,0,0,0,0,0,0,-4,-1,4,-6,-4,3,0,0,0,0,0,0,-6,-1,6,0,0,0,0,0,0,0,0,0
KG_almost no disease_16_17-02-2020_14-06-2020,KG_almost no disease_16_17-02-2020_14-06-2020,Kyrgyzstan,74.6,42.866665,17/02/2020,14/06/2020,119,almost no disease,16,43983,17-02-2020,0,0,0,0,0,0,0,0,0,0,0,0,0,0,0,0,0,0,0,0,0,0,0,0,0,0,0,0,0,0,0,0,0,0,0,0,0,0,0,0,0,0,0,0,0,0,0,0,0,0,0,0,0,0,0,0,0,0,0,0,0,0,0,0,0,0,0,0,0,0,0,0
KG_almost no disease_2_31-08-2020_20-09-2020,KG_almost no disease_2_31-08-2020_20-09-2020,Kyrgyzstan,74.6,42.866665,31/08/2020,20/09/2020,21,almost no disease,2,20-07-2020,31-08-2020,0,0,0,0,0,0,0,1,1,1,1,1,1,1,0,0,0,0,0,0,0,0,0,0,1,1,1,1,1,1,0,0,0,0,0,0,0,0,0,0,0,0,0,0,0,0,0,0,0,0,0,-5,-1,5,-6,-5,2,0,0,0,-6,-1,6,0,0,0,0,0,0,0,0,0
KG_almost no disease_6_01-02-2021_21-03-2021,KG_almost no disease_6_01-02-2021_21-03-2021,Kyrgyzstan,74.6,42.866665,44198,21/03/2021,49,almost no disease,6,21-12-2020,44198,0,0,0,0,0,0,1,1,1,1,1,1,0,0,0,0,0,0,0,0,0,0,0,0,1,1,1,1,1,1,0,0,0,0,0,0,0,0,0,0,0,0,0,0,0,0,0,0,0,0,0,-6,-1,6,0,0,0,0,0,0,-6,-1,6,0,0,0,0,0,0,0,0,0
KG_low to medium morbidity_3_08-06-2020_05-07-2020,KG_low to medium morbidity_3_08-06-2020_05-07-2020,Kyrgyzstan,74.6,42.866665,44049,43958,28,low to medium morbidity,3,27-04-2020,44049,1,1,1,1,1,1,0,0,0,0,0,0,0,0,0,0,0,0,0,0,0,0,0,0,0,0,0,0,1,1,0,0,0,0,0,0,0,0,0,0,0,0,1,1,1,1,1,0,-6,-1,6,0,0,0,0,0,0,0,0,0,-2,-1,2,0,0,0,0,0,0,-6,-2,5
KG_low to medium morbidity_5_27-07-2020_06-09-2020,KG_low to medium morbidity_5_27-07-2020_06-09-2020,Kyrgyzstan,74.6,42.866665,27/07/2020,43991,42,low to medium morbidity,5,15-06-2020,27-07-2020,0,0,0,0,0,0,1,1,1,0,0,0,0,0,1,1,1,1,0,0,0,0,0,0,1,1,1,1,1,1,0,0,0,0,0,0,0,0,0,0,0,0,0,0,0,0,0,0,0,0,0,-6,-4,3,-4,-1,4,0,0,0,-6,-1,6,0,0,0,0,0,0,0,0,0
KG_low to medium morbidity_20_14-09-2020_07-02-2021,KG_low to medium morbidity_20_14-09-2020_07-02-2021,Kyrgyzstan,74.6,42.866665,14/09/2020,44379,147,low to medium morbidity,20,43898,14-09-2020,0,0,0,0,1,1,1,1,1,1,1,0,0,0,0,0,0,0,0,0,0,0,0,0,1,1,1,1,1,1,0,0,0,0,0,0,0,0,0,0,0,0,0,0,0,0,0,0,-2,-1,2,-6,-2,5,0,0,0,0,0,0,-6,-1,6,0,0,0,0,0,0,0,0,0
KG_low to medium morbidity_12_15-03-2021_13-06-2021,KG_low to medium morbidity_12_15-03-2021_13-06-2021,Kyrgyzstan,74.6,42.866665,15/03/2021,13/06/2021,91,low to medium morbidity,12,44198,15-03-2021,1,1,1,1,1,1,1,0,0,0,0,0,0,0,0,0,0,0,0,0,0,0,0,0,1,1,1,1,1,1,0,0,0,0,0,0,0,0,0,0,0,0,0,0,0,0,0,0,-6,-1,6,-6,-6,1,0,0,0,0,0,0,-6,-1,6,0,0,0,0,0,0,0,0,0
KG_high morbidity_4_29-06-2020_02-08-2020,KG_high morbidity_4_29-06-2020_02-08-2020,Kyrgyzstan,74.6,42.866665,29/06/2020,43869,35,high morbidity,4,18-05-2020,29-06-2020,1,1,1,1,0,0,0,0,0,1,1,1,0,0,0,0,0,0,0,0,0,0,0,0,0,1,1,1,1,1,0,0,0,0,0,0,0,0,0,0,0,0,1,1,0,0,0,0,-6,-3,4,-3,-1,3,0,0,0,0,0,0,-5,-1,5,0,0,0,0,0,0,-6,-5,2
KG_high morbidity_2_07-06-2021_27-06-2021,KG_high morbidity_2_07-06-2021_27-06-2021,Kyrgyzstan,74.6,42.866665,44383,27/06/2021,21,high morbidity,2,26-04-2021,44383,0,0,0,0,0,0,1,1,1,1,1,1,0,0,0,0,0,0,0,0,0,0,0,0,1,1,1,1,1,1,0,0,0,0,0,0,0,0,0,0,0,0,0,0,0,0,0,0,0,0,0,-6,-1,6,0,0,0,0,0,0,-6,-1,6,0,0,0,0,0,0,0,0,0
KR_almost no disease_41_17-02-2020_06-12-2020,KR_almost no disease_41_17-02-2020_06-12-2020,South Korea,126.98333,37.55,17/02/2020,43994,294,almost no disease,41,43983,17-02-2020,0,0,0,0,0,0,0,0,0,0,0,0,0,0,0,0,0,0,0,0,0,0,0,0,0,0,0,0,0,0,0,0,0,0,0,0,0,0,0,0,0,0,0,0,0,0,0,0,0,0,0,0,0,0,0,0,0,0,0,0,0,0,0,0,0,0,0,0,0,0,0,0
KR_almost no disease_24_04-01-2021_27-06-2021,KR_almost no disease_24_04-01-2021_27-06-2021,South Korea,126.98333,37.55,44287,27/06/2021,175,almost no disease,24,23-11-2020,44287,1,1,0,0,0,0,0,1,1,1,1,1,0,0,0,0,0,0,0,0,0,0,0,0,1,1,1,1,1,1,0,0,0,0,0,0,0,0,0,0,0,0,0,0,0,0,0,0,-6,-5,2,-5,-1,5,0,0,0,0,0,0,-6,-1,6,0,0,0,0,0,0,0,0,0
KR_low to medium morbidity_5_30-11-2020_10-01-2021,KR_low to medium morbidity_5_30-11-2020_10-01-2021,South Korea,126.98333,37.55,30/11/2020,44470,42,low to medium morbidity,5,19-10-2020,30-11-2020,1,1,1,1,1,1,0,0,0,0,0,0,0,0,0,0,0,0,0,0,0,0,0,0,1,1,1,1,1,1,0,0,0,0,0,0,0,0,0,0,0,0,0,0,0,0,0,0,-6,-1,6,0,0,0,0,0,0,0,0,0,-6,-1,6,0,0,0,0,0,0,0,0,0
KW_almost no disease_6_17-02-2020_05-04-2020,KW_almost no disease_6_17-02-2020_05-04-2020,Kuwait,47.966667,29.366667,17/02/2020,43955,49,almost no disease,6,43983,17-02-2020,0,0,0,0,0,0,0,0,0,0,0,0,0,0,0,0,0,0,0,0,0,0,0,0,0,0,0,0,0,0,0,0,0,0,0,0,0,0,0,0,0,0,0,0,0,0,0,0,0,0,0,0,0,0,0,0,0,0,0,0,0,0,0,0,0,0,0,0,0,0,0,0
KW_low to medium morbidity_4_30-03-2020_03-05-2020,KW_low to medium morbidity_4_30-03-2020_03-05-2020,Kuwait,47.966667,29.366667,30/03/2020,43895,35,low to medium morbidity,4,17-02-2020,30-03-2020,1,1,1,1,1,1,0,0,0,0,0,0,0,0,0,0,0,0,0,0,0,0,0,0,1,1,1,0,0,0,0,0,1,1,1,1,0,0,0,0,0,1,0,0,0,0,0,0,-6,-1,6,0,0,0,0,0,0,0,0,0,-6,-4,3,-4,-1,4,-1,-1,1,0,0,0
KW_low to medium morbidity_7_16-11-2020_10-01-2021,KW_low to medium morbidity_7_16-11-2020_10-01-2021,Kuwait,47.966667,29.366667,16/11/2020,44470,56,low to medium morbidity,7,43961,16-11-2020,0,0,0,0,0,0,0,0,0,0,0,0,1,1,1,1,1,1,0,0,0,0,0,0,1,1,1,1,1,1,0,0,0,0,0,0,0,0,0,0,0,0,0,0,0,0,0,0,0,0,0,0,0,0,-6,-1,6,0,0,0,-6,-1,6,0,0,0,0,0,0,0,0,0
KW_high morbidity_29_27-04-2020_22-11-2020,KW_high morbidity_29_27-04-2020_22-11-2020,Kuwait,47.966667,29.366667,27/04/2020,22/11/2020,210,high morbidity,29,16-03-2020,27-04-2020,1,1,1,0,0,0,0,0,1,1,1,1,0,0,0,0,0,0,0,0,0,0,0,0,0,0,0,0,0,0,1,1,0,0,0,0,0,1,1,1,1,1,0,0,0,0,0,0,-6,-4,3,-4,-1,4,0,0,0,0,0,0,0,0,0,-6,-5,2,-5,-1,5,0,0,0
KW_high morbidity_24_04-01-2021_27-06-2021,KW_high morbidity_24_04-01-2021_27-06-2021,Kuwait,47.966667,29.366667,44287,27/06/2021,175,high morbidity,24,23-11-2020,44287,0,0,0,0,0,0,1,1,1,1,1,1,0,0,0,0,0,0,0,0,0,0,0,0,1,1,1,1,1,1,0,0,0,0,0,0,0,0,0,0,0,0,0,0,0,0,0,0,0,0,0,-6,-1,6,0,0,0,0,0,0,-6,-1,6,0,0,0,0,0,0,0,0,0
KZ_almost no disease_12_17-02-2020_17-05-2020,KZ_almost no disease_12_17-02-2020_17-05-2020,Kazakhstan,71.416664,51.166668,17/02/2020,17/05/2020,91,almost no disease,12,43983,17-02-2020,0,0,0,0,0,0,0,0,0,0,0,0,0,0,0,0,0,0,0,0,0,0,0,0,0,0,0,0,0,0,0,0,0,0,0,0,0,0,0,0,0,0,0,0,0,0,0,0,0,0,0,0,0,0,0,0,0,0,0,0,0,0,0,0,0,0,0,0,0,0,0,0
KZ_low to medium morbidity_6_11-05-2020_28-06-2020,KZ_low to medium morbidity_6_11-05-2020_28-06-2020,Kazakhstan,71.416664,51.166668,44140,28/06/2020,49,low to medium morbidity,6,30-03-2020,44140,1,1,1,1,1,1,0,0,0,0,0,0,0,0,0,0,0,0,0,0,0,0,0,0,0,0,0,0,0,0,1,1,0,0,0,0,0,1,1,1,0,0,0,0,0,1,1,1,-6,-1,6,0,0,0,0,0,0,0,0,0,0,0,0,-6,-5,2,-5,-3,3,-3,-1,3
KZ_low to medium morbidity_2_06-07-2020_26-07-2020,KZ_low to medium morbidity_2_06-07-2020_26-07-2020,Kazakhstan,71.416664,51.166668,43989,26/07/2020,21,low to medium morbidity,2,25-05-2020,43989,0,0,0,0,0,0,1,1,1,1,1,0,0,0,0,0,1,1,0,0,0,0,0,0,1,1,1,1,1,1,0,0,0,0,0,0,0,0,0,0,0,0,1,0,0,0,0,0,0,0,0,-6,-2,5,-2,-1,2,0,0,0,-6,-1,6,0,0,0,0,0,0,-6,-6,1
KZ_low to medium morbidity_32_03-08-2020_21-03-2021,KZ_low to medium morbidity_32_03-08-2020_21-03-2021,Kazakhstan,71.416664,51.166668,43898,21/03/2021,231,low to medium morbidity,32,22-06-2020,43898,0,0,0,0,0,0,1,0,1,1,1,0,1,1,1,0,1,1,0,0,0,0,0,0,1,1,1,1,1,1,0,0,0,0,0,0,0,0,0,0,0,0,0,0,0,0,0,0,0,0,0,-6,-2,4,-6,-1,5,0,0,0,-6,-1,6,0,0,0,0,0,0,0,0,0
KZ_low to medium morbidity_4_24-05-2021_27-06-2021,KZ_low to medium morbidity_4_24-05-2021_27-06-2021,Kazakhstan,71.416664,51.166668,24/05/2021,27/06/2021,35,low to medium morbidity,4,44534,24-05-2021,0,0,0,0,0,0,0,0,0,0,0,0,1,1,1,1,1,1,0,0,0,0,0,0,1,1,1,1,1,1,0,0,0,0,0,0,0,0,0,0,0,0,0,0,0,0,0,0,0,0,0,0,0,0,-6,-1,6,0,0,0,-6,-1,6,0,0,0,0,0,0,0,0,0
KZ_high morbidity_2_22-06-2020_12-07-2020,KZ_high morbidity_2_22-06-2020_12-07-2020,Kazakhstan,71.416664,51.166668,22/06/2020,44172,21,high morbidity,2,44140,22-06-2020,1,0,0,0,0,0,1,1,1,1,1,1,0,0,0,0,0,0,0,0,0,0,0,0,0,0,1,1,1,1,0,0,0,0,0,0,0,0,0,0,0,0,1,1,1,0,0,0,-6,-6,1,-6,-1,6,0,0,0,0,0,0,-4,-1,4,0,0,0,0,0,0,-6,-4,3
KZ_high morbidity_2_20-07-2020_09-08-2020,KZ_high morbidity_2_20-07-2020_09-08-2020,Kazakhstan,71.416664,51.166668,20/07/2020,44082,21,high morbidity,2,44049,20-07-2020,0,0,0,0,0,0,1,1,1,0,1,1,0,0,1,1,1,0,0,0,0,0,0,0,1,1,1,1,1,1,0,0,0,0,0,0,0,0,0,0,0,0,0,0,0,0,0,0,0,0,0,-6,-1,5,-4,-2,3,0,0,0,-6,-1,6,0,0,0,0,0,0,0,0,0
KZ_high morbidity_9_22-03-2021_30-05-2021,KZ_high morbidity_9_22-03-2021_30-05-2021,Kazakhstan,71.416664,51.166668,22/03/2021,30/05/2021,70,high morbidity,9,44410,22-03-2021,0,0,0,0,0,0,1,1,1,1,1,1,0,0,0,0,0,0,0,0,0,0,0,1,1,1,1,1,1,1,0,0,0,0,0,0,0,0,0,0,0,0,0,0,0,0,0,0,0,0,0,-6,-1,6,0,0,0,-1,-1,1,-6,-1,6,0,0,0,0,0,0,0,0,0
KZ_high morbidity and mortality_1_15-03-2021..28-03-2021,KZ_high morbidity and mortality_1_15-03-2021..28-03-2021,Kazakhstan,71.416664,51.166668,15/03/2021,28/03/2021,14,high morbidity and mortality,1,44198,15-03-2021,0,0,0,0,0,0,1,1,1,1,1,1,0,0,0,0,0,0,0,0,0,0,0,0,1,1,1,1,1,1,0,0,0,0,0,0,0,0,0,0,0,0,0,0,0,0,0,0,0,0,0,-6,-1,6,0,0,0,0,0,0,-6,-1,6,0,0,0,0,0,0,0,0,0
LB_almost no disease_21_17-02-2020_19-07-2020,LB_almost no disease_21_17-02-2020_19-07-2020,Lebanon,35.5,33.866665,17/02/2020,19/07/2020,154,almost no disease,21,43983,17-02-2020,0,0,0,0,0,0,0,0,0,0,0,0,0,0,0,0,0,0,0,0,0,0,0,0,0,0,0,0,0,0,0,0,0,0,0,0,0,0,0,0,0,0,0,0,0,0,0,0,0,0,0,0,0,0,0,0,0,0,0,0,0,0,0,0,0,0,0,0,0,0,0,0
LB_low to medium morbidity_8_13-07-2020_13-09-2020,LB_low to medium morbidity_8_13-07-2020_13-09-2020,Lebanon,35.5,33.866665,13/07/2020,13/09/2020,63,low to medium morbidity,8,43836,13-07-2020,1,1,1,1,1,1,0,0,0,0,0,0,0,0,0,0,0,0,0,0,0,0,0,0,1,1,1,1,1,1,0,0,0,0,0,0,0,0,0,0,0,0,1,0,0,0,0,0,-6,-1,6,0,0,0,0,0,0,0,0,0,-6,-1,6,0,0,0,0,0,0,-6,-6,1
LB_low to medium morbidity_7_03-05-2021_27-06-2021,LB_low to medium morbidity_7_03-05-2021_27-06-2021,Lebanon,35.5,33.866665,44260,27/06/2021,56,low to medium morbidity,7,22-03-2021,44260,0,0,0,0,0,0,0,0,0,0,0,0,1,1,1,1,1,1,0,0,0,0,0,0,1,1,1,1,1,1,0,0,0,0,0,0,0,0,0,0,0,0,0,0,0,0,0,0,0,0,0,0,0,0,-6,-1,6,0,0,0,-6,-1,6,0,0,0,0,0,0,0,0,0
LB_high morbidity_18_07-09-2020_17-01-2021,LB_high morbidity_18_07-09-2020_17-01-2021,Lebanon,35.5,33.866665,44021,17/01/2021,133,high morbidity,18,27-07-2020,44021,0,0,0,0,0,0,1,1,1,1,1,1,0,0,0,0,0,0,0,0,0,0,0,0,1,1,1,1,1,1,0,0,0,0,0,0,0,0,0,0,0,0,0,0,0,0,0,0,0,0,0,-6,-1,6,0,0,0,0,0,0,-6,-1,6,0,0,0,0,0,0,0,0,0
LB_high morbidity_12_08-02-2021_09-05-2021,LB_high morbidity_12_08-02-2021_09-05-2021,Lebanon,35.5,33.866665,44410,44444,91,high morbidity,12,28-12-2020,44410,0,0,0,0,0,0,0,0,0,0,0,0,1,1,1,0,0,0,0,0,1,1,1,1,1,1,0,0,0,0,0,1,1,1,0,0,0,0,0,0,0,0,0,0,0,1,1,1,0,0,0,0,0,0,-6,-4,3,-4,-1,4,-6,-5,2,-5,-3,3,0,0,0,-3,-1,3
LB_high morbidity and mortality_4_11-01-2021_14-02-2021,LB_high morbidity and mortality_4_11-01-2021_14-02-2021,Lebanon,35.5,33.866665,44501,14/02/2021,35,high morbidity and mortality,4,30-11-2020,44501,0,0,0,0,0,0,0,0,0,0,0,0,1,1,1,1,1,1,0,0,0,0,0,0,1,1,1,1,1,1,0,0,0,0,0,1,0,0,0,0,0,0,0,0,0,0,0,0,0,0,0,0,0,0,-6,-1,6,0,0,0,-6,-1,6,-1,-1,1,0,0,0,0,0,0
LT_almost no disease_5_17-02-2020_29-03-2020,LT_almost no disease_5_17-02-2020_29-03-2020,Lithuania,25.316668,54.683334,17/02/2020,29/03/2020,42,almost no disease,5,43983,17-02-2020,0,0,0,0,0,0,0,0,0,0,0,0,0,0,0,0,0,0,0,0,0,0,0,0,0,0,0,0,0,0,0,0,0,0,0,0,0,0,0,0,0,0,0,0,0,0,0,0,0,0,0,0,0,0,0,0,0,0,0,0,0,0,0,0,0,0,0,0,0,0,0,0
LT_almost no disease_21_06-04-2020_06-09-2020,LT_almost no disease_21_06-04-2020_06-09-2020,Lithuania,25.316668,54.683334,43986,43991,154,almost no disease,21,24-02-2020,43986,1,1,1,1,1,0,0,0,0,0,1,1,0,0,0,0,0,0,0,0,0,0,0,0,1,1,1,0,0,0,0,0,1,1,1,1,0,0,0,0,0,1,0,0,0,0,0,0,-6,-2,5,-2,-1,2,0,0,0,0,0,0,-6,-4,3,-4,-1,4,-1,-1,1,0,0,0
LT_low to medium morbidity_2_23-03-2020_12-04-2020,LT_low to medium morbidity_2_23-03-2020_12-04-2020,Lithuania,25.316668,54.683334,23/03/2020,44169,21,low to medium morbidity,2,44106,23-03-2020,0,1,1,1,1,1,0,0,0,0,0,0,0,0,0,0,0,0,0,0,0,0,0,0,0,1,1,1,1,0,0,0,0,0,1,1,0,0,0,0,0,0,0,0,0,0,0,0,-5,-1,5,0,0,0,0,0,0,0,0,0,-5,-2,4,-2,-1,2,0,0,0,0,0,0
LT_low to medium morbidity_6_31-08-2020_18-10-2020,LT_low to medium morbidity_6_31-08-2020_18-10-2020,Lithuania,25.316668,54.683334,31/08/2020,18/10/2020,49,low to medium morbidity,6,20-07-2020,31-08-2020,1,1,1,1,1,1,0,0,0,0,0,0,0,0,0,0,0,0,0,0,0,0,0,0,1,1,1,1,1,1,0,0,0,0,0,0,0,0,0,0,0,0,0,0,0,0,0,0,-6,-1,6,0,0,0,0,0,0,0,0,0,-6,-1,6,0,0,0,0,0,0,0,0,0
LT_low to medium morbidity_3_31-05-2021_27-06-2021,LT_low to medium morbidity_3_31-05-2021_27-06-2021,Lithuania,25.316668,54.683334,31/05/2021,27/06/2021,28,low to medium morbidity,3,19-04-2021,31-05-2021,0,0,0,0,0,0,0,0,0,0,0,0,1,1,1,1,1,1,0,0,0,0,0,0,1,1,1,1,1,1,0,0,0,0,0,0,0,0,0,0,0,0,0,0,0,0,0,0,0,0,0,0,0,0,-6,-1,6,0,0,0,-6,-1,6,0,0,0,0,0,0,0,0,0
LT_high morbidity_5_12-10-2020_22-11-2020,LT_high morbidity_5_12-10-2020_22-11-2020,Lithuania,25.316668,54.683334,44175,22/11/2020,42,high morbidity,5,31-08-2020,44175,1,0,0,0,0,0,1,1,1,1,1,1,0,0,0,0,0,0,0,0,0,0,0,0,1,1,1,1,1,1,0,0,0,0,0,0,0,0,0,0,0,0,0,0,0,0,0,0,-6,-6,1,-6,-1,6,0,0,0,0,0,0,-6,-1,6,0,0,0,0,0,0,0,0,0
LT_high morbidity_18_25-01-2021_06-06-2021,LT_high morbidity_18_25-01-2021_06-06-2021,Lithuania,25.316668,54.683334,25/01/2021,44353,133,high morbidity,18,14-12-2020,25-01-2021,0,0,0,0,0,0,0,0,0,0,0,0,0,0,0,0,0,0,1,1,1,1,1,1,0,0,0,0,0,0,1,1,0,0,0,0,0,1,1,1,1,1,0,0,0,0,0,0,0,0,0,0,0,0,0,0,0,-6,-1,6,0,0,0,-6,-5,2,-5,-1,5,0,0,0
LT_high morbidity and mortality_10_16-11-2020_31-01-2021,LT_high morbidity and mortality_10_16-11-2020_31-01-2021,Lithuania,25.316668,54.683334,16/11/2020,31/01/2021,77,high morbidity and mortality,10,43961,16-11-2020,0,0,0,0,0,0,1,1,0,0,0,0,0,1,1,1,1,1,0,0,0,0,0,0,1,1,1,1,1,1,0,0,0,0,0,0,0,0,0,0,0,0,0,0,0,0,0,0,0,0,0,-6,-5,2,-5,-1,5,0,0,0,-6,-1,6,0,0,0,0,0,0,0,0,0
LU_almost no disease_2_17-02-2020_08-03-2020,LU_almost no disease_2_17-02-2020_08-03-2020,Luxembourg,6.116667,49.6,17/02/2020,44046,21,almost no disease,2,43983,17-02-2020,0,0,0,0,0,0,0,0,0,0,0,0,0,0,0,0,0,0,0,0,0,0,0,0,0,0,0,0,0,0,0,0,0,0,0,0,0,0,0,0,0,0,0,0,0,0,0,0,0,0,0,0,0,0,0,0,0,0,0,0,0,0,0,0,0,0,0,0,0,0,0,0
LU_almost no disease_4_18-05-2020_21-06-2020,LU_almost no disease_4_18-05-2020_21-06-2020,Luxembourg,6.116667,49.6,18/05/2020,21/06/2020,35,almost no disease,4,43986,18-05-2020,0,0,0,0,0,0,1,1,1,1,1,1,1,0,0,0,0,0,0,0,0,0,0,0,0,0,0,0,0,0,0,0,0,0,0,0,1,1,1,1,1,0,0,0,0,0,1,1,0,0,0,-6,-1,6,-6,-6,1,0,0,0,0,0,0,0,0,0,-6,-2,5,-2,-1,2
LU_low to medium morbidity_1_02-03-2020..15-03-2020,LU_low to medium morbidity_1_02-03-2020..15-03-2020,Luxembourg,6.116667,49.6,43864,15/03/2020,14,low to medium morbidity,1,20-01-2020,43864,0,0,0,0,1,1,0,0,0,0,0,0,0,0,0,0,0,0,0,0,0,0,0,0,0,0,0,0,1,1,0,0,0,0,0,0,0,0,0,0,0,0,0,0,0,0,0,0,-2,-1,2,0,0,0,0,0,0,0,0,0,-2,-1,2,0,0,0,0,0,0,0,0,0
LU_low to medium morbidity_6_06-04-2020_24-05-2020,LU_low to medium morbidity_6_06-04-2020_24-05-2020,Luxembourg,6.116667,49.6,43986,24/05/2020,49,low to medium morbidity,6,24-02-2020,43986,1,1,0,0,0,0,0,1,1,0,0,0,0,0,1,1,0,1,0,0,0,0,0,0,1,1,1,0,0,0,0,0,1,1,0,0,0,0,0,0,0,1,0,0,0,0,0,0,-6,-5,2,-5,-4,2,-4,-1,3,0,0,0,-6,-4,3,-4,-3,2,-1,-1,1,0,0,0
LU_low to medium morbidity_3_15-06-2020_12-07-2020,LU_low to medium morbidity_3_15-06-2020_12-07-2020,Luxembourg,6.116667,49.6,15/06/2020,44172,28,low to medium morbidity,3,43926,15-06-2020,0,0,1,1,1,1,1,1,1,0,0,0,0,0,0,0,0,0,0,0,0,0,0,0,0,0,0,0,0,1,0,0,0,0,0,0,1,0,0,0,0,0,1,1,1,1,1,1,-4,-1,4,-6,-4,3,0,0,0,0,0,0,-1,-1,1,0,0,0,-6,-6,1,-6,-1,6
LU_low to medium morbidity_2_27-07-2020_16-08-2020,LU_low to medium morbidity_2_27-07-2020_16-08-2020,Luxembourg,6.116667,49.6,27/07/2020,16/08/2020,21,low to medium morbidity,2,15-06-2020,27-07-2020,1,0,0,0,0,0,1,1,1,1,0,0,0,0,0,1,1,1,0,0,0,0,0,0,1,1,1,1,1,1,0,0,0,0,0,0,0,0,0,0,0,0,0,0,0,0,0,0,-6,-6,1,-6,-3,4,-3,-1,3,0,0,0,-6,-1,6,0,0,0,0,0,0,0,0,0
LU_low to medium morbidity_4_24-05-2021_27-06-2021,LU_low to medium morbidity_4_24-05-2021_27-06-2021,Luxembourg,6.116667,49.6,24/05/2021,27/06/2021,35,low to medium morbidity,4,44534,24-05-2021,0,0,0,0,0,0,0,0,0,0,0,0,1,1,1,1,1,1,0,0,0,0,0,0,0,1,1,1,1,1,0,0,0,0,0,0,0,0,0,0,0,0,1,1,0,0,0,0,0,0,0,0,0,0,-6,-1,6,0,0,0,-5,-1,5,0,0,0,0,0,0,-6,-5,2
LU_high morbidity_1_09-03-2020..22-03-2020,LU_high morbidity_1_09-03-2020..22-03-2020,Luxembourg,6.116667,49.6,44077,22/03/2020,14,high morbidity,1,27-01-2020,44077,0,0,0,1,1,1,0,0,0,0,0,1,0,0,0,0,0,0,0,0,0,0,0,0,0,0,0,1,1,1,0,0,0,0,0,0,0,0,0,0,0,0,0,0,0,0,0,0,-3,-1,3,-1,-1,1,0,0,0,0,0,0,-3,-1,3,0,0,0,0,0,0,0,0,0
LU_high morbidity_1_30-03-2020..12-04-2020,LU_high morbidity_1_30-03-2020..12-04-2020,Luxembourg,6.116667,49.6,30/03/2020,44169,14,high morbidity,1,17-02-2020,30-03-2020,1,1,1,0,0,0,0,0,1,1,0,0,0,0,0,1,1,0,0,0,0,0,0,0,1,1,1,1,0,0,0,0,0,1,1,0,0,0,0,0,0,0,0,0,0,0,0,0,-6,-4,3,-4,-3,2,-3,-2,2,0,0,0,-6,-3,4,-3,-2,2,0,0,0,0,0,0
LU_high morbidity_3_06-07-2020_02-08-2020,LU_high morbidity_3_06-07-2020_02-08-2020,Luxembourg,6.116667,49.6,43989,43869,28,high morbidity,3,25-05-2020,43989,1,1,1,1,0,0,0,0,0,1,1,1,0,0,0,0,0,0,0,0,0,0,0,0,0,0,1,1,1,1,0,0,0,0,0,0,0,0,0,0,0,0,1,1,1,0,0,0,-6,-3,4,-3,-1,3,0,0,0,0,0,0,-4,-1,4,0,0,0,0,0,0,-6,-4,3
LU_high morbidity_6_14-09-2020_01-11-2020,LU_high morbidity_6_14-09-2020_01-11-2020,Luxembourg,6.116667,49.6,14/09/2020,43841,49,high morbidity,6,43898,14-09-2020,0,0,0,0,0,0,1,1,0,0,0,0,0,0,0,0,0,0,0,0,0,0,0,0,1,1,0,0,0,0,0,0,0,0,0,0,0,0,0,0,0,0,0,0,0,0,0,0,0,0,0,-6,-5,2,0,0,0,0,0,0,-6,-5,2,0,0,0,0,0,0,0,0,0
LU_high morbidity_22_21-12-2020_30-05-2021,LU_high morbidity_22_21-12-2020_30-05-2021,Luxembourg,6.116667,49.6,21/12/2020,30/05/2021,161,high morbidity,22,44085,21-12-2020,0,0,0,0,0,0,0,0,0,0,0,0,0,0,0,0,0,0,1,1,1,1,1,1,1,1,1,1,1,1,0,0,0,0,0,1,0,0,0,0,0,0,1,0,0,0,0,0,0,0,0,0,0,0,0,0,0,-6,-1,6,-6,-1,6,-1,-1,1,0,0,0,-6,-6,1
LU_high morbidity and mortality_8_26-10-2020_27-12-2020,LU_high morbidity and mortality_8_26-10-2020_27-12-2020,Luxembourg,6.116667,49.6,26/10/2020,27/12/2020,63,high morbidity and mortality,8,14-09-2020,26-10-2020,0,0,0,0,0,0,0,0,0,0,0,0,1,1,1,1,1,1,0,0,0,0,0,0,1,1,1,1,1,1,0,0,0,0,0,1,0,0,0,0,0,0,0,0,0,0,0,0,0,0,0,0,0,0,-6,-1,6,0,0,0,-6,-1,6,-1,-1,1,0,0,0,0,0,0
LV_almost no disease_25_17-02-2020_16-08-2020,LV_almost no disease_25_17-02-2020_16-08-2020,Latvia,24.1,56.95,17/02/2020,16/08/2020,182,almost no disease,25,43983,17-02-2020,0,0,0,0,0,0,0,0,0,0,0,0,0,0,0,0,0,0,0,0,0,0,0,0,0,0,0,0,0,0,0,0,0,0,0,0,0,0,0,0,0,0,0,0,0,0,0,0,0,0,0,0,0,0,0,0,0,0,0,0,0,0,0,0,0,0,0,0,0,0,0,0
LV_almost no disease_4_24-08-2020_27-09-2020,LV_almost no disease_4_24-08-2020_27-09-2020,Latvia,24.1,56.95,24/08/2020,27/09/2020,35,almost no disease,4,13-07-2020,24-08-2020,1,1,1,1,1,0,0,0,0,0,0,0,0,0,0,0,0,0,0,0,0,0,0,0,1,1,1,1,1,0,0,0,0,0,0,0,0,0,0,0,0,0,0,0,0,0,0,0,-6,-2,5,0,0,0,0,0,0,0,0,0,-6,-2,5,0,0,0,0,0,0,0,0,0
LV_low to medium morbidity_4_21-09-2020_25-10-2020,LV_low to medium morbidity_4_21-09-2020_25-10-2020,Latvia,24.1,56.95,21/09/2020,25/10/2020,35,low to medium morbidity,4,44112,21-09-2020,1,0,1,1,1,1,0,0,0,0,0,0,0,0,0,0,0,0,0,0,0,0,0,0,1,0,1,1,1,1,0,0,0,0,0,0,0,0,0,0,0,0,0,0,0,0,0,0,-6,-1,5,0,0,0,0,0,0,0,0,0,-6,-1,5,0,0,0,0,0,0,0,0,0
LV_low to medium morbidity_2_07-06-2021_27-06-2021,LV_low to medium morbidity_2_07-06-2021_27-06-2021,Latvia,24.1,56.95,44383,27/06/2021,21,low to medium morbidity,2,26-04-2021,44383,0,0,0,0,0,0,0,0,0,0,0,0,1,1,1,1,1,1,0,0,0,0,0,0,1,1,1,1,1,1,0,0,0,0,0,0,0,0,0,0,0,0,0,0,0,0,0,0,0,0,0,0,0,0,-6,-1,6,0,0,0,-6,-1,6,0,0,0,0,0,0,0,0,0
LV_high morbidity_8_19-10-2020_20-12-2020,LV_high morbidity_8_19-10-2020_20-12-2020,Latvia,24.1,56.95,19/10/2020,20/12/2020,63,high morbidity,8,44021,19-10-2020,1,1,1,0,0,0,0,0,1,1,1,1,0,0,0,0,0,0,0,0,0,0,0,0,1,1,1,1,1,1,0,0,0,0,0,0,0,0,0,0,0,0,0,0,0,0,0,0,-6,-4,3,-4,-1,4,0,0,0,0,0,0,-6,-1,6,0,0,0,0,0,0,0,0,0
LV_high morbidity_17_08-02-2021_13-06-2021,LV_high morbidity_17_08-02-2021_13-06-2021,Latvia,24.1,56.95,44410,13/06/2021,126,high morbidity,17,28-12-2020,44410,0,0,0,0,0,0,0,0,0,0,0,0,0,0,0,0,0,0,1,1,1,1,1,1,0,0,0,0,0,0,0,0,0,0,0,0,1,1,1,1,1,1,0,0,0,0,0,0,0,0,0,0,0,0,0,0,0,-6,-1,6,0,0,0,0,0,0,-6,-1,6,0,0,0
LV_high morbidity and mortality_8_14-12-2020_14-02-2021,LV_high morbidity and mortality_8_14-12-2020_14-02-2021,Latvia,24.1,56.95,14/12/2020,14/02/2021,63,high morbidity and mortality,8,43872,14-12-2020,0,0,0,0,0,0,0,0,0,0,0,0,1,1,1,1,1,1,0,0,0,0,0,0,1,1,1,1,1,1,0,0,0,0,0,0,0,0,0,0,0,0,0,0,0,0,0,0,0,0,0,0,0,0,-6,-1,6,0,0,0,-6,-1,6,0,0,0,0,0,0,0,0,0
LY_almost no disease_21_17-02-2020_19-07-2020,LY_almost no disease_21_17-02-2020_19-07-2020,Libya,13.166667,32.883335,17/02/2020,19/07/2020,154,almost no disease,21,43983,17-02-2020,0,0,0,0,0,0,0,0,0,0,0,0,0,0,0,0,0,0,0,0,0,0,0,0,0,0,0,0,0,0,0,0,0,0,0,0,0,0,0,0,0,0,0,0,0,0,0,0,0,0,0,0,0,0,0,0,0,0,0,0,0,0,0,0,0,0,0,0,0,0,0,0
LY_low to medium morbidity_4_13-07-2020_16-08-2020,LY_low to medium morbidity_4_13-07-2020_16-08-2020,Libya,13.166667,32.883335,13/07/2020,16/08/2020,35,low to medium morbidity,4,43836,13-07-2020,1,1,1,1,1,1,0,0,0,0,0,0,0,0,0,0,0,0,0,0,0,0,0,0,1,1,1,1,1,1,0,0,0,0,0,0,0,0,0,0,0,0,0,0,0,0,0,0,-6,-1,6,0,0,0,0,0,0,0,0,0,-6,-1,6,0,0,0,0,0,0,0,0,0
LY_low to medium morbidity_6_30-11-2020_17-01-2021,LY_low to medium morbidity_6_30-11-2020_17-01-2021,Libya,13.166667,32.883335,30/11/2020,17/01/2021,49,low to medium morbidity,6,19-10-2020,30-11-2020,0,0,0,0,0,0,0,0,0,0,0,0,1,1,1,1,1,1,0,0,0,0,0,0,1,1,1,1,1,1,0,0,0,0,0,0,0,0,0,0,0,0,0,0,0,0,0,0,0,0,0,0,0,0,-6,-1,6,0,0,0,-6,-1,6,0,0,0,0,0,0,0,0,0
LY_low to medium morbidity_3_01-02-2021_28-02-2021,LY_low to medium morbidity_3_01-02-2021_28-02-2021,Libya,13.166667,32.883335,44198,28/02/2021,28,low to medium morbidity,3,21-12-2020,44198,0,0,0,0,0,0,1,1,1,1,0,0,0,0,0,1,1,1,0,0,0,0,0,0,1,1,1,1,1,1,0,0,0,0,0,0,0,0,0,0,0,0,0,0,0,0,0,0,0,0,0,-6,-3,4,-3,-1,3,0,0,0,-6,-1,6,0,0,0,0,0,0,0,0,0
LY_low to medium morbidity_10_12-04-2021_27-06-2021,LY_low to medium morbidity_10_12-04-2021_27-06-2021,Libya,13.166667,32.883335,44534,27/06/2021,77,low to medium morbidity,10,44199,44534,0,0,0,0,0,0,0,0,0,0,0,0,1,1,1,1,1,1,0,0,0,0,0,0,1,1,1,1,1,1,0,0,0,0,0,0,0,0,0,0,0,0,0,0,0,0,0,0,0,0,0,0,0,0,-6,-1,6,0,0,0,-6,-1,6,0,0,0,0,0,0,0,0,0
LY_high morbidity_11_14-09-2020_06-12-2020,LY_high morbidity_11_14-09-2020_06-12-2020,Libya,13.166667,32.883335,14/09/2020,43994,84,high morbidity,11,43898,14-09-2020,0,0,0,0,0,0,1,1,0,0,0,0,0,0,0,0,0,0,0,0,0,0,0,0,1,1,0,0,0,0,0,0,0,0,0,0,0,0,0,0,0,0,0,0,0,0,0,0,0,0,0,-6,-5,2,0,0,0,0,0,0,-6,-5,2,0,0,0,0,0,0,0,0,0
LY_high morbidity_3_11-01-2021_07-02-2021,LY_high morbidity_3_11-01-2021_07-02-2021,Libya,13.166667,32.883335,44501,44379,28,high morbidity,3,30-11-2020,44501,0,0,0,0,0,0,1,1,1,1,1,1,1,0,0,0,0,0,0,0,0,0,0,0,1,1,1,1,1,1,0,0,0,0,0,0,0,0,0,0,0,0,0,0,0,0,0,0,0,0,0,-6,-1,6,-6,-6,1,0,0,0,-6,-1,6,0,0,0,0,0,0,0,0,0
LY_high morbidity_7_22-02-2021_18-04-2021,LY_high morbidity_7_22-02-2021_18-04-2021,Libya,13.166667,32.883335,22/02/2021,18/04/2021,56,high morbidity,7,44501,22-02-2021,0,0,0,0,0,0,1,0,0,1,1,1,1,1,1,1,0,0,0,0,0,0,0,0,1,1,1,1,1,1,0,0,0,0,0,0,0,0,0,0,0,0,0,0,0,0,0,0,0,0,0,-6,-1,4,-6,-3,4,0,0,0,-6,-1,6,0,0,0,0,0,0,0,0,0
MA_almost no disease_22_17-02-2020_26-07-2020,MA_almost no disease_22_17-02-2020_26-07-2020,Morocco,-6.816667,34.016666,17/02/2020,26/07/2020,161,almost no disease,22,43983,17-02-2020,0,0,0,0,0,0,0,0,0,0,0,0,0,0,0,0,0,0,0,0,0,0,0,0,0,0,0,0,0,0,0,0,0,0,0,0,0,0,0,0,0,0,0,0,0,0,0,0,0,0,0,0,0,0,0,0,0,0,0,0,0,0,0,0,0,0,0,0,0,0,0,0
MA_almost no disease_6_08-02-2021_28-03-2021,MA_almost no disease_6_08-02-2021_28-03-2021,Morocco,-6.816667,34.016666,44410,28/03/2021,49,almost no disease,6,28-12-2020,44410,0,0,0,0,0,0,1,1,1,1,1,1,0,0,0,0,0,0,0,0,0,0,0,0,1,1,1,1,1,1,0,0,0,0,0,0,0,0,0,0,0,0,0,0,0,0,0,0,0,0,0,-6,-1,6,0,0,0,0,0,0,-6,-1,6,0,0,0,0,0,0,0,0,0
MA_almost no disease_9_19-04-2021_27-06-2021,MA_almost no disease_9_19-04-2021_27-06-2021,Morocco,-6.816667,34.016666,19/04/2021,27/06/2021,70,almost no disease,9,44411,19-04-2021,1,1,1,0,0,0,0,0,1,1,1,1,0,0,0,0,0,0,0,0,0,0,0,0,1,1,1,1,1,0,0,0,0,0,1,1,0,0,0,0,0,0,0,0,0,0,0,0,-6,-4,3,-4,-1,4,0,0,0,0,0,0,-6,-2,5,-2,-1,2,0,0,0,0,0,0
MA_low to medium morbidity_13_20-07-2020_25-10-2020,MA_low to medium morbidity_13_20-07-2020_25-10-2020,Morocco,-6.816667,34.016666,20/07/2020,25/10/2020,98,low to medium morbidity,13,44049,20-07-2020,1,1,1,1,1,1,0,0,0,0,0,0,0,0,0,0,0,0,0,0,0,0,0,0,0,0,0,0,0,0,0,0,0,0,0,0,1,1,1,1,1,1,0,0,0,0,0,0,-6,-1,6,0,0,0,0,0,0,0,0,0,0,0,0,0,0,0,-6,-1,6,0,0,0
MA_low to medium morbidity_10_30-11-2020_14-02-2021,MA_low to medium morbidity_10_30-11-2020_14-02-2021,Morocco,-6.816667,34.016666,30/11/2020,14/02/2021,77,low to medium morbidity,10,19-10-2020,30-11-2020,0,0,0,0,0,0,1,0,0,0,0,0,1,1,1,1,1,1,0,0,0,0,0,0,0,0,0,0,0,1,0,0,0,0,0,0,1,1,1,1,1,1,0,0,0,0,0,0,0,0,0,-6,-6,1,-6,-1,6,0,0,0,-1,-1,1,0,0,0,-6,-1,6,0,0,0
MA_low to medium morbidity_4_22-03-2021_25-04-2021,MA_low to medium morbidity_4_22-03-2021_25-04-2021,Morocco,-6.816667,34.016666,22/03/2021,25/04/2021,35,low to medium morbidity,4,44410,22-03-2021,1,1,1,1,1,1,1,0,0,0,0,0,0,0,0,0,0,0,0,0,0,0,0,0,1,1,1,1,1,1,0,0,0,0,0,0,0,0,0,0,0,0,0,0,0,0,0,0,-6,-1,6,-6,-6,1,0,0,0,0,0,0,-6,-1,6,0,0,0,0,0,0,0,0,0
MA_high morbidity_6_19-10-2020_06-12-2020,MA_high morbidity_6_19-10-2020_06-12-2020,Morocco,-6.816667,34.016666,19/10/2020,43994,49,high morbidity,6,44021,19-10-2020,0,0,0,0,0,0,1,1,1,1,1,1,0,0,0,0,0,0,0,0,0,0,0,0,0,0,0,0,0,0,0,0,0,0,0,0,1,1,1,1,1,1,0,0,0,0,0,0,0,0,0,-6,-1,6,0,0,0,0,0,0,0,0,0,0,0,0,-6,-1,6,0,0,0
MD_almost no disease_5_17-02-2020_29-03-2020,MD_almost no disease_5_17-02-2020_29-03-2020,Moldova,28.85,47,17/02/2020,29/03/2020,42,almost no disease,5,43983,17-02-2020,0,0,0,0,0,0,0,0,0,0,0,0,0,0,0,0,0,0,0,0,0,0,0,0,0,0,0,0,0,0,0,0,0,0,0,0,0,0,0,0,0,0,0,0,0,0,0,0,0,0,0,0,0,0,0,0,0,0,0,0,0,0,0,0,0,0,0,0,0,0,0,0
MD_low to medium morbidity_20_23-03-2020_16-08-2020,MD_low to medium morbidity_20_23-03-2020_16-08-2020,Moldova,28.85,47,23/03/2020,16/08/2020,147,low to medium morbidity,20,44106,23-03-2020,0,1,1,1,1,1,0,0,0,0,0,0,0,0,0,0,0,0,0,0,0,0,0,0,0,1,1,1,0,0,0,0,0,1,1,1,0,0,0,0,0,0,0,0,0,0,0,0,-5,-1,5,0,0,0,0,0,0,0,0,0,-5,-3,3,-3,-1,3,0,0,0,0,0,0
MD_low to medium morbidity_8_26-04-2021_27-06-2021,MD_low to medium morbidity_8_26-04-2021_27-06-2021,Moldova,28.85,47,26/04/2021,27/06/2021,63,low to medium morbidity,8,15-03-2021,26-04-2021,0,0,0,0,0,0,0,0,0,0,0,0,0,0,0,1,1,1,1,1,1,1,0,0,1,1,1,1,1,1,0,0,0,0,0,0,0,0,0,0,0,0,0,0,0,0,0,0,0,0,0,0,0,0,-3,-1,3,-6,-3,4,-6,-1,6,0,0,0,0,0,0,0,0,0
MD_high morbidity_30_10-08-2020_14-03-2021,MD_high morbidity_30_10-08-2020_14-03-2021,Moldova,28.85,47,44112,14/03/2021,217,high morbidity,30,29-06-2020,44112,0,0,0,0,0,0,1,1,1,1,1,1,0,0,0,0,0,0,0,0,0,0,0,0,1,1,1,1,1,1,0,0,0,0,0,0,0,0,0,0,0,0,0,0,0,0,0,0,0,0,0,-6,-1,6,0,0,0,0,0,0,-6,-1,6,0,0,0,0,0,0,0,0,0
MD_high morbidity_3_05-04-2021_02-05-2021,MD_high morbidity_3_05-04-2021_02-05-2021,Moldova,28.85,47,44320,44232,28,high morbidity,3,22-02-2021,44320,0,0,0,0,0,0,0,0,0,0,0,0,1,1,1,0,0,0,0,0,1,1,1,1,1,1,1,1,1,1,0,0,0,0,0,0,0,0,0,0,0,0,0,0,0,0,0,0,0,0,0,0,0,0,-6,-4,3,-4,-1,4,-6,-1,6,0,0,0,0,0,0,0,0,0
MD_high morbidity and mortality_4_08-03-2021_11-04-2021,MD_high morbidity and mortality_4_08-03-2021_11-04-2021,Moldova,28.85,47,44411,44504,35,high morbidity and mortality,4,25-01-2021,44411,0,0,0,0,0,0,0,0,0,0,0,0,1,1,1,1,1,1,0,0,0,0,0,0,1,1,1,1,1,1,0,0,0,0,0,0,0,0,0,0,0,0,0,0,0,0,0,0,0,0,0,0,0,0,-6,-1,6,0,0,0,-6,-1,6,0,0,0,0,0,0,0,0,0
MK_almost no disease_5_17-02-2020_29-03-2020,MK_almost no disease_5_17-02-2020_29-03-2020,Macedonia,21.433332,42,17/02/2020,29/03/2020,42,almost no disease,5,43983,17-02-2020,0,0,0,0,0,0,0,0,0,0,0,0,0,0,0,0,0,0,0,0,0,0,0,0,0,0,0,0,0,0,0,0,0,0,0,0,0,0,0,0,0,0,0,0,0,0,0,0,0,0,0,0,0,0,0,0,0,0,0,0,0,0,0,0,0,0,0,0,0,0,0,0
MK_almost no disease_1_14-06-2021..27-06-2021,MK_almost no disease_1_14-06-2021..27-06-2021,Macedonia,21.433332,42,14/06/2021,27/06/2021,14,almost no disease,1,44260,14-06-2021,0,0,0,0,0,0,0,1,1,1,1,1,0,0,0,0,0,0,1,1,0,0,0,0,1,1,1,1,1,1,0,0,0,0,0,0,0,0,0,0,0,0,0,0,0,0,0,0,0,0,0,-5,-1,5,0,0,0,-6,-5,2,-6,-1,6,0,0,0,0,0,0,0,0,0
MK_low to medium morbidity_20_23-03-2020_16-08-2020,MK_low to medium morbidity_20_23-03-2020_16-08-2020,Macedonia,21.433332,42,23/03/2020,16/08/2020,147,low to medium morbidity,20,44106,23-03-2020,0,1,1,1,1,1,0,0,0,0,0,0,0,0,0,0,0,0,0,0,0,0,0,0,0,1,1,1,0,0,0,0,0,1,1,1,0,0,0,0,0,0,0,0,0,0,0,0,-5,-1,5,0,0,0,0,0,0,0,0,0,-5,-3,3,-3,-1,3,0,0,0,0,0,0
MK_low to medium morbidity_2_14-09-2020_04-10-2020,MK_low to medium morbidity_2_14-09-2020_04-10-2020,Macedonia,21.433332,42,14/09/2020,43931,21,low to medium morbidity,2,43898,14-09-2020,0,0,0,0,0,0,1,1,0,0,0,0,0,0,0,0,0,0,0,0,0,0,0,0,1,1,0,0,0,0,0,0,0,0,0,0,0,0,0,0,0,0,0,0,0,0,0,0,0,0,0,-6,-5,2,0,0,0,0,0,0,-6,-5,2,0,0,0,0,0,0,0,0,0
MK_low to medium morbidity_5_10-05-2021_20-06-2021,MK_low to medium morbidity_5_10-05-2021_20-06-2021,Macedonia,21.433332,42,44474,20/06/2021,42,low to medium morbidity,5,29-03-2021,44474,0,0,0,0,0,0,0,0,0,0,0,0,0,0,0,0,0,0,1,1,1,1,1,1,1,1,1,1,1,1,0,0,0,0,0,0,0,0,0,0,0,0,0,0,0,0,0,0,0,0,0,0,0,0,0,0,0,-6,-1,6,-6,-1,6,0,0,0,0,0,0,0,0,0
MK_high morbidity_4_28-09-2020_01-11-2020,MK_high morbidity_4_28-09-2020_01-11-2020,Macedonia,21.433332,42,28/09/2020,43841,35,high morbidity,4,17-08-2020,28-09-2020,0,0,0,0,0,0,0,0,0,0,1,1,0,0,0,0,0,0,0,0,0,0,0,0,0,0,0,0,1,1,0,0,0,0,0,0,0,0,0,0,0,0,0,0,0,0,0,0,0,0,0,-2,-1,2,0,0,0,0,0,0,-2,-1,2,0,0,0,0,0,0,0,0,0
MK_high morbidity_10_28-12-2020_14-03-2021,MK_high morbidity_10_28-12-2020_14-03-2021,Macedonia,21.433332,42,28/12/2020,14/03/2021,77,high morbidity,10,16-11-2020,28-12-2020,0,0,0,0,0,0,0,0,0,0,0,0,0,0,0,0,0,0,1,1,1,1,1,1,1,1,1,1,1,1,0,0,0,0,0,0,0,0,0,0,0,0,0,0,0,0,0,0,0,0,0,0,0,0,0,0,0,-6,-1,6,-6,-1,6,0,0,0,0,0,0,0,0,0
MK_high morbidity and mortality_9_26-10-2020_03-01-2021,MK_high morbidity and mortality_9_26-10-2020_03-01-2021,Macedonia,21.433332,42,26/10/2020,44256,70,high morbidity and mortality,9,14-09-2020,26-10-2020,0,0,0,0,0,0,1,1,1,0,0,0,0,0,1,1,1,1,0,0,0,0,0,0,1,1,1,1,1,1,0,0,0,0,0,0,0,0,0,0,0,0,0,0,0,0,0,0,0,0,0,-6,-4,3,-4,-1,4,0,0,0,-6,-1,6,0,0,0,0,0,0,0,0,0
MK_high morbidity and mortality_9_08-03-2021_16-05-2021,MK_high morbidity and mortality_9_08-03-2021_16-05-2021,Macedonia,21.433332,42,44411,16/05/2021,70,high morbidity and mortality,9,25-01-2021,44411,0,0,0,0,0,0,0,0,0,0,0,0,1,1,1,1,1,1,0,0,0,0,0,0,1,1,1,1,1,1,0,0,0,0,0,0,0,0,0,0,0,0,0,0,0,0,0,0,0,0,0,0,0,0,-6,-1,6,0,0,0,-6,-1,6,0,0,0,0,0,0,0,0,0
MN_almost no disease_25_17-02-2020_16-08-2020,MN_almost no disease_25_17-02-2020_16-08-2020,Mongolia,106.916664,47.916668,17/02/2020,16/08/2020,182,almost no disease,25,43983,17-02-2020,0,0,0,0,0,0,0,0,0,0,0,0,0,0,0,0,0,0,0,0,0,0,0,0,0,0,0,0,0,0,0,0,0,0,0,0,0,0,0,0,0,0,0,0,0,0,0,0,0,0,0,0,0,0,0,0,0,0,0,0,0,0,0,0,0,0,0,0,0,0,0,0
MN_almost no disease_23_14-09-2020_28-02-2021,MN_almost no disease_23_14-09-2020_28-02-2021,Mongolia,106.916664,47.916668,14/09/2020,28/02/2021,168,almost no disease,23,43898,14-09-2020,1,1,0,0,0,0,0,0,0,0,0,0,0,0,0,0,0,0,0,0,0,0,0,0,1,1,0,0,0,0,0,0,0,0,0,0,0,0,0,0,0,0,0,0,0,0,0,0,-6,-5,2,0,0,0,0,0,0,0,0,0,-6,-5,2,0,0,0,0,0,0,0,0,0
MN_low to medium morbidity_4_22-02-2021_28-03-2021,MN_low to medium morbidity_4_22-02-2021_28-03-2021,Mongolia,106.916664,47.916668,22/02/2021,28/03/2021,35,low to medium morbidity,4,44501,22-02-2021,1,1,1,1,1,1,0,0,0,0,0,0,0,0,0,0,0,0,0,0,0,0,0,0,0,0,0,0,0,0,0,0,0,1,1,1,0,0,0,0,0,0,1,1,1,1,0,1,-6,-1,6,0,0,0,0,0,0,0,0,0,0,0,0,-3,-1,3,0,0,0,-6,-1,5
MN_high morbidity_13_22-03-2021_27-06-2021,MN_high morbidity_13_22-03-2021_27-06-2021,Mongolia,106.916664,47.916668,22/03/2021,27/06/2021,98,high morbidity,13,44410,22-03-2021,1,1,1,0,0,0,0,0,1,1,1,1,0,0,0,0,0,0,0,0,0,0,0,0,0,0,0,1,1,1,1,1,0,0,0,0,0,0,0,0,0,0,0,1,1,1,0,0,-6,-4,3,-4,-1,4,0,0,0,0,0,0,-3,-1,3,-6,-5,2,0,0,0,-5,-3,3
MT_almost no disease_3_17-02-2020_15-03-2020,MT_almost no disease_3_17-02-2020_15-03-2020,Malta,14.5,35.883335,17/02/2020,15/03/2020,28,almost no disease,3,43983,17-02-2020,0,0,0,0,0,0,0,0,0,0,0,0,0,0,0,0,0,0,0,0,0,0,0,0,0,0,0,0,0,0,0,0,0,0,0,0,0,0,0,0,0,0,0,0,0,0,0,0,0,0,0,0,0,0,0,0,0,0,0,0,0,0,0,0,0,0,0,0,0,0,0,0
MT_almost no disease_3_13-04-2020_10-05-2020,MT_almost no disease_3_13-04-2020_10-05-2020,Malta,14.5,35.883335,13/04/2020,44109,28,almost no disease,3,43864,13-04-2020,1,1,0,0,0,0,0,1,1,1,1,1,0,0,0,0,0,0,0,0,0,0,0,0,1,1,0,0,0,0,0,1,1,1,0,0,0,0,0,1,1,1,0,0,0,0,0,0,-6,-5,2,-5,-1,5,0,0,0,0,0,0,-6,-5,2,-5,-3,3,-3,-1,3,0,0,0
MT_almost no disease_9_18-05-2020_26-07-2020,MT_almost no disease_9_18-05-2020_26-07-2020,Malta,14.5,35.883335,18/05/2020,26/07/2020,70,almost no disease,9,43986,18-05-2020,0,1,1,1,1,0,1,1,0,0,1,1,0,0,0,0,0,0,0,0,0,0,0,0,0,0,0,0,0,0,0,0,0,0,0,0,1,1,1,1,1,1,0,0,0,0,0,0,-5,-2,4,-6,-1,4,0,0,0,0,0,0,0,0,0,0,0,0,-6,-1,6,0,0,0
MT_almost no disease_6_10-05-2021_27-06-2021,MT_almost no disease_6_10-05-2021_27-06-2021,Malta,14.5,35.883335,44474,27/06/2021,49,almost no disease,6,29-03-2021,44474,0,0,0,0,0,0,0,0,1,1,1,1,1,1,1,0,0,0,0,0,0,0,0,0,0,0,0,1,1,1,0,0,0,0,0,0,1,1,0,0,0,0,0,1,1,1,0,0,0,0,0,-4,-1,4,-6,-4,3,0,0,0,-3,-1,3,0,0,0,-6,-5,2,-5,-3,3
MT_low to medium morbidity_5_09-03-2020_19-04-2020,MT_low to medium morbidity_5_09-03-2020_19-04-2020,Malta,14.5,35.883335,44077,19/04/2020,42,low to medium morbidity,5,27-01-2020,44077,0,0,0,1,1,1,0,0,0,0,0,0,0,0,0,0,0,0,0,0,0,0,0,0,0,0,0,1,1,1,0,0,0,0,0,0,0,0,0,0,0,0,0,0,0,0,0,0,-3,-1,3,0,0,0,0,0,0,0,0,0,-3,-1,3,0,0,0,0,0,0,0,0,0
MT_low to medium morbidity_2_04-05-2020_24-05-2020,MT_low to medium morbidity_2_04-05-2020_24-05-2020,Malta,14.5,35.883335,43926,24/05/2020,21,low to medium morbidity,2,23-03-2020,43926,0,0,0,1,1,1,1,1,1,1,0,0,0,0,0,0,0,0,0,0,0,0,0,0,0,0,0,0,0,0,1,0,0,0,0,0,1,1,1,1,1,1,0,0,0,0,0,0,-3,-1,3,-6,-3,4,0,0,0,0,0,0,0,0,0,-6,-6,1,-6,-1,6,0,0,0
MT_low to medium morbidity_3_20-07-2020_16-08-2020,MT_low to medium morbidity_3_20-07-2020_16-08-2020,Malta,14.5,35.883335,20/07/2020,16/08/2020,28,low to medium morbidity,3,44049,20-07-2020,1,1,1,1,1,1,0,0,0,0,0,0,0,0,0,0,0,0,0,0,0,0,0,0,1,1,1,1,1,1,0,0,0,0,0,0,0,0,0,0,0,0,1,0,0,0,0,0,-6,-1,6,0,0,0,0,0,0,0,0,0,-6,-1,6,0,0,0,0,0,0,-6,-6,1
MT_low to medium morbidity_2_14-09-2020_04-10-2020,MT_low to medium morbidity_2_14-09-2020_04-10-2020,Malta,14.5,35.883335,14/09/2020,43931,21,low to medium morbidity,2,43898,14-09-2020,0,0,0,0,0,0,1,1,0,0,0,0,0,0,0,0,0,0,0,0,0,0,0,0,1,1,0,0,0,0,0,0,0,0,0,0,0,0,0,0,0,0,0,0,0,0,0,0,0,0,0,-6,-5,2,0,0,0,0,0,0,-6,-5,2,0,0,0,0,0,0,0,0,0
MT_low to medium morbidity_4_12-04-2021_16-05-2021,MT_low to medium morbidity_4_12-04-2021_16-05-2021,Malta,14.5,35.883335,44534,16/05/2021,35,low to medium morbidity,4,44199,44534,0,0,0,0,0,0,0,0,0,0,0,0,1,1,1,1,1,1,0,0,0,0,0,0,1,0,0,0,0,0,1,1,1,0,0,0,0,0,1,1,1,1,0,0,0,0,0,1,0,0,0,0,0,0,-6,-1,6,0,0,0,-6,-6,1,-6,-4,3,-4,-1,4,-1,-1,1
MT_high morbidity_28_28-09-2020_18-04-2021,MT_high morbidity_28_28-09-2020_18-04-2021,Malta,14.5,35.883335,28/09/2020,18/04/2021,203,high morbidity,28,17-08-2020,28-09-2020,0,0,0,0,0,0,0,0,0,0,1,1,0,0,0,0,0,0,0,0,0,0,0,0,0,0,0,0,1,1,0,0,0,0,0,0,0,0,0,0,0,0,0,0,0,0,0,0,0,0,0,-2,-1,2,0,0,0,0,0,0,-2,-1,2,0,0,0,0,0,0,0,0,0
NL_almost no disease_3_17-02-2020_15-03-2020,NL_almost no disease_3_17-02-2020_15-03-2020,Netherlands,4.916667,52.35,17/02/2020,15/03/2020,28,almost no disease,3,43983,17-02-2020,0,0,0,0,0,0,0,0,0,0,0,0,0,0,0,0,0,0,0,0,0,0,0,0,0,0,0,0,0,0,0,0,0,0,0,0,0,0,0,0,0,0,0,0,0,0,0,0,0,0,0,0,0,0,0,0,0,0,0,0,0,0,0,0,0,0,0,0,0,0,0,0
NL_almost no disease_7_01-06-2020_26-07-2020,NL_almost no disease_7_01-06-2020_26-07-2020,Netherlands,4.916667,52.35,43836,26/07/2020,56,almost no disease,7,20-04-2020,43836,0,0,0,0,0,0,1,1,1,1,1,1,0,0,0,0,0,0,0,0,0,0,0,0,0,0,0,1,1,1,0,0,0,0,0,0,1,1,1,1,0,0,0,0,0,0,0,0,0,0,0,-6,-1,6,0,0,0,0,0,0,-3,-1,3,0,0,0,-6,-3,4,0,0,0
NL_low to medium morbidity_3_09-03-2020_05-04-2020,NL_low to medium morbidity_3_09-03-2020_05-04-2020,Netherlands,4.916667,52.35,44077,43955,28,low to medium morbidity,3,27-01-2020,44077,0,0,0,1,1,1,0,0,0,0,0,0,0,0,0,0,0,0,0,0,0,0,0,0,0,0,0,1,1,1,0,0,0,0,0,0,0,0,0,0,0,0,0,0,0,0,0,0,-3,-1,3,0,0,0,0,0,0,0,0,0,-3,-1,3,0,0,0,0,0,0,0,0,0
NL_low to medium morbidity_7_13-04-2020_07-06-2020,NL_low to medium morbidity_7_13-04-2020_07-06-2020,Netherlands,4.916667,52.35,13/04/2020,44018,56,low to medium morbidity,7,43864,13-04-2020,1,1,0,0,0,0,0,1,1,1,1,0,0,0,0,0,0,0,0,0,0,0,1,1,1,1,0,0,0,0,0,1,1,1,0,0,0,0,0,1,1,1,0,0,0,0,0,0,-6,-5,2,-5,-2,4,0,0,0,-2,-1,2,-6,-5,2,-5,-3,3,-3,-1,3,0,0,0
NL_low to medium morbidity_8_20-07-2020_20-09-2020,NL_low to medium morbidity_8_20-07-2020_20-09-2020,Netherlands,4.916667,52.35,20/07/2020,20/09/2020,63,low to medium morbidity,8,44049,20-07-2020,1,1,1,1,1,1,0,0,0,0,0,0,0,0,0,0,0,0,0,0,0,0,0,0,1,1,1,1,1,1,0,0,0,0,0,0,0,0,0,0,0,0,0,0,0,0,0,0,-6,-1,6,0,0,0,0,0,0,0,0,0,-6,-1,6,0,0,0,0,0,0,0,0,0
NL_low to medium morbidity_2_07-06-2021_27-06-2021,NL_low to medium morbidity_2_07-06-2021_27-06-2021,Netherlands,4.916667,52.35,44383,27/06/2021,21,low to medium morbidity,2,26-04-2021,44383,0,0,0,0,0,0,0,0,0,0,0,0,1,1,1,1,1,1,0,0,0,0,0,0,1,1,1,1,1,1,0,0,0,0,0,0,0,0,0,0,0,0,0,0,0,0,0,0,0,0,0,0,0,0,-6,-1,6,0,0,0,-6,-1,6,0,0,0,0,0,0,0,0,0
NL_high morbidity_38_14-09-2020_13-06-2021,NL_high morbidity_38_14-09-2020_13-06-2021,Netherlands,4.916667,52.35,14/09/2020,13/06/2021,273,high morbidity,38,43898,14-09-2020,0,0,0,0,0,0,1,1,1,1,1,1,0,0,0,0,0,0,0,0,0,0,0,0,1,1,1,1,1,1,0,0,0,0,0,0,0,0,0,0,0,0,0,0,0,0,0,0,0,0,0,-6,-1,6,0,0,0,0,0,0,-6,-1,6,0,0,0,0,0,0,0,0,0
NL_high morbidity and mortality_2_30-03-2020_19-04-2020,NL_high morbidity and mortality_2_30-03-2020_19-04-2020,Netherlands,4.916667,52.35,30/03/2020,19/04/2020,21,high morbidity and mortality,2,17-02-2020,30-03-2020,1,1,1,1,0,0,0,0,0,1,1,1,0,0,0,0,0,0,0,0,0,0,0,0,1,1,1,1,0,0,0,0,0,1,1,1,0,0,0,0,0,1,0,0,0,0,0,0,-6,-3,4,-3,-1,3,0,0,0,0,0,0,-6,-3,4,-3,-1,3,-1,-1,1,0,0,0
NO_almost no disease_2_17-02-2020_08-03-2020,NO_almost no disease_2_17-02-2020_08-03-2020,Norway,10.75,59.916668,17/02/2020,44046,21,almost no disease,2,43983,17-02-2020,0,0,0,0,0,0,0,0,0,0,0,0,0,0,0,0,0,0,0,0,0,0,0,0,0,0,0,0,0,0,0,0,0,0,0,0,0,0,0,0,0,0,0,0,0,0,0,0,0,0,0,0,0,0,0,0,0,0,0,0,0,0,0,0,0,0,0,0,0,0,0,0
NO_almost no disease_17_27-04-2020_30-08-2020,NO_almost no disease_17_27-04-2020_30-08-2020,Norway,10.75,59.916668,27/04/2020,30/08/2020,126,almost no disease,17,16-03-2020,27-04-2020,0,0,0,0,0,0,1,1,1,1,1,1,0,0,0,0,0,0,0,0,0,0,0,0,0,0,0,0,0,0,1,0,0,0,0,0,1,1,1,1,0,0,0,0,0,1,1,1,0,0,0,-6,-1,6,0,0,0,0,0,0,0,0,0,-6,-6,1,-6,-3,4,-3,-1,3
NO_low to medium morbidity_8_02-03-2020_03-05-2020,NO_low to medium morbidity_8_02-03-2020_03-05-2020,Norway,10.75,59.916668,43864,43895,63,low to medium morbidity,8,20-01-2020,43864,0,0,0,0,1,1,0,0,0,0,0,0,0,0,0,0,0,0,0,0,0,0,0,0,0,0,0,0,1,1,0,0,0,0,0,0,0,0,0,0,0,0,0,0,0,0,0,0,-2,-1,2,0,0,0,0,0,0,0,0,0,-2,-1,2,0,0,0,0,0,0,0,0,0
NO_low to medium morbidity_9_24-08-2020_01-11-2020,NO_low to medium morbidity_9_24-08-2020_01-11-2020,Norway,10.75,59.916668,24/08/2020,43841,70,low to medium morbidity,9,13-07-2020,24-08-2020,1,1,1,1,1,1,0,0,0,0,0,0,0,0,0,0,0,0,0,0,0,0,0,0,1,1,1,1,1,1,0,0,0,0,0,0,0,0,0,0,0,0,0,0,0,0,0,0,-6,-1,6,0,0,0,0,0,0,0,0,0,-6,-1,6,0,0,0,0,0,0,0,0,0
NO_low to medium morbidity_5_16-11-2020_27-12-2020,NO_low to medium morbidity_5_16-11-2020_27-12-2020,Norway,10.75,59.916668,16/11/2020,27/12/2020,42,low to medium morbidity,5,43961,16-11-2020,0,0,0,0,0,0,1,1,1,1,0,0,0,0,0,1,1,1,0,0,0,0,0,0,1,1,1,1,1,1,0,0,0,0,0,0,0,0,0,0,0,1,0,0,0,0,0,0,0,0,0,-6,-3,4,-3,-1,3,0,0,0,-6,-1,6,0,0,0,-1,-1,1,0,0,0
NO_low to medium morbidity_6_11-01-2021_28-02-2021,NO_low to medium morbidity_6_11-01-2021_28-02-2021,Norway,10.75,59.916668,44501,28/02/2021,49,low to medium morbidity,6,30-11-2020,44501,0,0,0,0,0,0,1,1,1,1,0,0,0,0,0,1,1,1,0,0,0,0,0,0,0,1,1,0,0,0,0,0,1,1,0,0,0,0,0,1,1,0,1,1,0,0,1,1,0,0,0,-6,-3,4,-3,-1,3,0,0,0,-5,-4,2,-4,-3,2,-3,-2,2,-6,-1,4
NO_low to medium morbidity_9_19-04-2021_27-06-2021,NO_low to medium morbidity_9_19-04-2021_27-06-2021,Norway,10.75,59.916668,19/04/2021,27/06/2021,70,low to medium morbidity,9,44411,19-04-2021,0,0,0,0,0,0,0,0,0,0,0,0,1,1,1,1,1,1,0,0,0,0,0,0,1,1,1,0,0,1,0,0,1,1,0,0,0,0,0,0,0,0,0,0,0,1,1,1,0,0,0,0,0,0,-6,-1,6,0,0,0,-6,-1,4,-4,-3,2,0,0,0,-3,-1,3
NO_high morbidity_3_26-10-2020_22-11-2020,NO_high morbidity_3_26-10-2020_22-11-2020,Norway,10.75,59.916668,26/10/2020,22/11/2020,28,high morbidity,3,14-09-2020,26-10-2020,0,0,0,0,0,0,1,1,1,1,1,1,0,0,0,0,0,0,0,0,0,0,0,0,1,1,1,1,1,1,0,0,0,0,0,0,0,0,0,0,0,0,0,0,0,0,0,0,0,0,0,-6,-1,6,0,0,0,0,0,0,-6,-1,6,0,0,0,0,0,0,0,0,0
NO_high morbidity_3_21-12-2020_17-01-2021,NO_high morbidity_3_21-12-2020_17-01-2021,Norway,10.75,59.916668,21/12/2020,17/01/2021,28,high morbidity,3,44085,21-12-2020,0,0,0,0,0,0,0,1,1,1,1,1,1,1,0,0,0,0,0,0,0,0,0,0,1,0,0,0,1,1,0,0,0,0,0,1,1,1,0,0,0,0,0,1,1,1,1,0,0,0,0,-5,-1,5,-6,-5,2,0,0,0,-6,-1,3,-1,-1,1,-6,-5,2,-5,-2,4
NO_high morbidity_8_22-02-2021_25-04-2021,NO_high morbidity_8_22-02-2021_25-04-2021,Norway,10.75,59.916668,22/02/2021,25/04/2021,63,high morbidity,8,44501,22-02-2021,0,0,0,0,0,0,1,1,1,1,1,1,1,0,0,0,0,0,0,0,0,0,0,0,1,1,1,1,1,1,0,0,0,0,0,0,0,0,0,0,0,0,1,0,0,0,0,0,0,0,0,-6,-1,6,-6,-6,1,0,0,0,-6,-1,6,0,0,0,0,0,0,-6,-6,1
NP_almost no disease_16_17-02-2020_14-06-2020,NP_almost no disease_16_17-02-2020_14-06-2020,Nepal,85.316666,27.716667,17/02/2020,14/06/2020,119,almost no disease,16,43983,17-02-2020,0,0,0,0,0,0,0,0,0,0,0,0,0,0,0,0,0,0,0,0,0,0,0,0,0,0,0,0,0,0,0,0,0,0,0,0,0,0,0,0,0,0,0,0,0,0,0,0,0,0,0,0,0,0,0,0,0,0,0,0,0,0,0,0,0,0,0,0,0,0,0,0
NP_almost no disease_4_29-06-2020_02-08-2020,NP_almost no disease_4_29-06-2020_02-08-2020,Nepal,85.316666,27.716667,29/06/2020,43869,35,almost no disease,4,18-05-2020,29-06-2020,1,1,1,1,0,0,0,0,0,1,1,1,0,0,0,0,0,0,0,0,0,0,0,0,0,0,0,0,0,0,0,0,0,0,0,0,1,1,1,1,1,1,0,0,0,0,0,0,-6,-3,4,-3,-1,3,0,0,0,0,0,0,0,0,0,0,0,0,-6,-1,6,0,0,0
NP_almost no disease_12_11-01-2021_11-04-2021,NP_almost no disease_12_11-01-2021_11-04-2021,Nepal,85.316666,27.716667,44501,44504,91,almost no disease,12,30-11-2020,44501,0,0,0,0,0,0,1,1,1,1,1,1,0,0,0,0,0,0,0,0,0,0,0,0,1,1,1,1,1,1,0,0,0,0,0,0,0,0,0,0,0,0,0,0,0,0,0,0,0,0,0,-6,-1,6,0,0,0,0,0,0,-6,-1,6,0,0,0,0,0,0,0,0,0
NP_low to medium morbidity_3_08-06-2020_05-07-2020,NP_low to medium morbidity_3_08-06-2020_05-07-2020,Nepal,85.316666,27.716667,44049,43958,28,low to medium morbidity,3,27-04-2020,44049,1,1,1,1,1,1,0,0,0,0,0,0,0,0,0,0,0,0,0,0,0,0,0,0,0,0,0,0,0,0,0,0,0,0,0,0,1,1,1,1,1,1,0,0,0,0,0,0,-6,-1,6,0,0,0,0,0,0,0,0,0,0,0,0,0,0,0,-6,-1,6,0,0,0
NP_low to medium morbidity_9_27-07-2020_04-10-2020,NP_low to medium morbidity_9_27-07-2020_04-10-2020,Nepal,85.316666,27.716667,27/07/2020,43931,70,low to medium morbidity,9,15-06-2020,27-07-2020,0,0,1,1,1,1,1,1,1,0,0,0,0,0,0,0,0,0,0,0,0,0,0,0,0,0,0,0,1,1,0,0,0,0,0,0,1,1,1,1,1,0,0,0,0,0,0,0,-4,-1,4,-6,-4,3,0,0,0,0,0,0,-2,-1,2,0,0,0,-6,-2,5,0,0,0
NP_low to medium morbidity_10_02-11-2020_17-01-2021,NP_low to medium morbidity_10_02-11-2020_17-01-2021,Nepal,85.316666,27.716667,43872,17/01/2021,77,low to medium morbidity,10,21-09-2020,43872,0,0,0,0,0,0,1,1,0,0,0,0,0,1,1,1,1,1,0,0,0,0,0,0,0,1,1,1,1,1,0,0,0,0,0,0,0,0,0,0,0,0,1,1,0,0,0,0,0,0,0,-6,-5,2,-5,-1,5,0,0,0,-5,-1,5,0,0,0,0,0,0,-6,-5,2
NP_low to medium morbidity_2_05-04-2021_25-04-2021,NP_low to medium morbidity_2_05-04-2021_25-04-2021,Nepal,85.316666,27.716667,44320,25/04/2021,21,low to medium morbidity,2,22-02-2021,44320,1,1,1,1,1,1,0,0,0,0,0,0,0,0,0,0,0,0,0,0,0,0,0,0,1,1,1,1,1,1,0,0,0,0,0,0,0,0,0,0,0,0,0,0,0,0,0,0,-6,-1,6,0,0,0,0,0,0,0,0,0,-6,-1,6,0,0,0,0,0,0,0,0,0
NP_low to medium morbidity_2_07-06-2021_27-06-2021,NP_low to medium morbidity_2_07-06-2021_27-06-2021,Nepal,85.316666,27.716667,44383,27/06/2021,21,low to medium morbidity,2,26-04-2021,44383,0,0,0,0,0,0,0,0,0,0,0,0,1,1,1,1,1,1,0,0,0,0,0,0,0,0,0,0,0,0,1,1,1,0,0,0,0,0,1,1,1,0,0,0,0,0,1,1,0,0,0,0,0,0,-6,-1,6,0,0,0,0,0,0,-6,-4,3,-4,-2,3,-2,-1,2
NP_high morbidity_5_28-09-2020_08-11-2020,NP_high morbidity_5_28-09-2020_08-11-2020,Nepal,85.316666,27.716667,28/09/2020,44054,42,high morbidity,5,17-08-2020,28-09-2020,0,0,0,0,0,0,1,1,1,1,1,1,0,0,0,0,0,0,0,0,0,0,0,0,0,0,0,0,0,0,1,1,0,0,0,0,0,0,0,0,0,0,0,1,1,1,1,1,0,0,0,-6,-1,6,0,0,0,0,0,0,0,0,0,-6,-5,2,0,0,0,-5,-1,5
NP_high morbidity_7_19-04-2021_13-06-2021,NP_high morbidity_7_19-04-2021_13-06-2021,Nepal,85.316666,27.716667,19/04/2021,13/06/2021,56,high morbidity,7,44411,19-04-2021,1,1,1,1,1,0,0,0,0,0,1,1,0,0,0,0,0,0,0,0,0,0,0,0,1,1,1,1,1,1,0,0,0,0,0,0,0,0,0,0,0,0,0,0,0,0,0,0,-6,-2,5,-2,-1,2,0,0,0,0,0,0,-6,-1,6,0,0,0,0,0,0,0,0,0
PK_almost no disease_14_17-02-2020_31-05-2020,PK_almost no disease_14_17-02-2020_31-05-2020,Pakistan,73.05,33.683334,17/02/2020,31/05/2020,105,almost no disease,14,43983,17-02-2020,0,0,0,0,0,0,0,0,0,0,0,0,0,0,0,0,0,0,0,0,0,0,0,0,0,0,0,0,0,0,0,0,0,0,0,0,0,0,0,0,0,0,0,0,0,0,0,0,0,0,0,0,0,0,0,0,0,0,0,0,0,0,0,0,0,0,0,0,0,0,0,0
PK_almost no disease_19_06-07-2020_22-11-2020,PK_almost no disease_19_06-07-2020_22-11-2020,Pakistan,73.05,33.683334,43989,22/11/2020,140,almost no disease,19,25-05-2020,43989,1,0,0,0,0,0,1,1,1,1,1,1,0,0,0,0,0,0,0,0,0,0,0,0,0,0,0,0,0,0,0,0,0,0,0,0,1,1,1,1,1,1,0,0,0,0,0,1,-6,-6,1,-6,-1,6,0,0,0,0,0,0,0,0,0,0,0,0,-6,-1,6,-1,-1,1
PK_almost no disease_12_14-12-2020_14-03-2021,PK_almost no disease_12_14-12-2020_14-03-2021,Pakistan,73.05,33.683334,14/12/2020,14/03/2021,91,almost no disease,12,43872,14-12-2020,1,1,1,0,0,0,0,0,1,1,1,1,0,0,0,0,0,0,0,0,0,0,0,0,1,1,1,1,1,1,0,0,0,0,0,0,0,0,0,0,0,0,0,0,0,0,0,0,-6,-4,3,-4,-1,4,0,0,0,0,0,0,-6,-1,6,0,0,0,0,0,0,0,0,0
PK_almost no disease_4_24-05-2021_27-06-2021,PK_almost no disease_4_24-05-2021_27-06-2021,Pakistan,73.05,33.683334,24/05/2021,27/06/2021,35,almost no disease,4,44534,24-05-2021,0,0,0,0,0,0,1,1,1,1,1,1,0,0,0,0,0,0,0,0,0,0,0,0,1,1,1,1,1,1,0,0,0,0,0,0,0,0,0,0,0,0,0,0,0,0,0,0,0,0,0,-6,-1,6,0,0,0,0,0,0,-6,-1,6,0,0,0,0,0,0,0,0,0
PK_low to medium morbidity_6_25-05-2020_12-07-2020,PK_low to medium morbidity_6_25-05-2020_12-07-2020,Pakistan,73.05,33.683334,25/05/2020,44172,49,low to medium morbidity,6,13-04-2020,25-05-2020,1,1,1,1,1,1,0,0,0,0,0,0,0,0,0,0,0,0,0,0,0,0,0,0,0,0,0,0,0,0,0,0,0,0,0,0,1,1,1,1,1,1,0,0,0,0,0,0,-6,-1,6,0,0,0,0,0,0,0,0,0,0,0,0,0,0,0,-6,-1,6,0,0,0
PK_low to medium morbidity_4_16-11-2020_20-12-2020,PK_low to medium morbidity_4_16-11-2020_20-12-2020,Pakistan,73.05,33.683334,16/11/2020,20/12/2020,35,low to medium morbidity,4,43961,16-11-2020,1,1,1,1,1,1,0,0,0,0,0,0,0,0,0,0,0,0,0,0,0,0,0,0,1,1,1,1,1,1,0,0,0,0,0,0,0,0,0,0,0,0,0,0,0,0,0,0,-6,-1,6,0,0,0,0,0,0,0,0,0,-6,-1,6,0,0,0,0,0,0,0,0,0
PK_low to medium morbidity_11_08-03-2021_30-05-2021,PK_low to medium morbidity_11_08-03-2021_30-05-2021,Pakistan,73.05,33.683334,44411,30/05/2021,84,low to medium morbidity,11,25-01-2021,44411,1,1,1,1,1,1,0,0,0,0,0,0,0,0,0,0,0,0,0,0,0,0,0,0,1,1,1,1,1,1,0,0,0,0,0,0,0,0,0,0,0,0,0,0,0,0,0,0,-6,-1,6,0,0,0,0,0,0,0,0,0,-6,-1,6,0,0,0,0,0,0,0,0,0
PL_almost no disease_7_17-02-2020_12-04-2020,PL_almost no disease_7_17-02-2020_12-04-2020,Poland,21,52.25,17/02/2020,44169,56,almost no disease,7,43983,17-02-2020,0,0,0,0,0,0,0,0,0,0,0,0,0,0,0,0,0,0,0,0,0,0,0,0,0,0,0,0,0,0,0,0,0,0,0,0,0,0,0,0,0,0,0,0,0,0,0,0,0,0,0,0,0,0,0,0,0,0,0,0,0,0,0,0,0,0,0,0,0,0,0,0
PL_almost no disease_10_11-05-2020_26-07-2020,PL_almost no disease_10_11-05-2020_26-07-2020,Poland,21,52.25,44140,26/07/2020,77,almost no disease,10,30-03-2020,44140,1,1,0,0,0,0,0,1,1,1,1,1,0,0,0,0,0,0,0,0,0,0,0,0,0,0,0,0,0,1,0,0,0,0,0,0,1,1,1,1,1,0,0,0,0,0,1,1,-6,-5,2,-5,-1,5,0,0,0,0,0,0,-1,-1,1,0,0,0,-6,-2,5,-2,-1,2
PL_low to medium morbidity_5_06-04-2020_17-05-2020,PL_low to medium morbidity_5_06-04-2020_17-05-2020,Poland,21,52.25,43986,17/05/2020,42,low to medium morbidity,5,24-02-2020,43986,1,1,1,1,1,1,0,0,0,0,0,0,0,0,0,0,0,0,0,0,0,0,0,0,1,1,0,0,0,0,0,1,1,1,1,0,0,0,0,0,1,1,0,0,0,0,0,0,-6,-1,6,0,0,0,0,0,0,0,0,0,-6,-5,2,-5,-2,4,-2,-1,2,0,0,0
PL_low to medium morbidity_11_20-07-2020_11-10-2020,PL_low to medium morbidity_11_20-07-2020_11-10-2020,Poland,21,52.25,20/07/2020,44145,84,low to medium morbidity,11,44049,20-07-2020,1,1,1,1,1,1,0,0,0,0,0,0,0,0,0,0,0,0,0,0,0,0,0,0,1,1,1,1,1,1,0,0,0,0,0,0,0,0,0,0,0,0,0,0,0,0,0,0,-6,-1,6,0,0,0,0,0,0,0,0,0,-6,-1,6,0,0,0,0,0,0,0,0,0
PL_low to medium morbidity_6_10-05-2021_27-06-2021,PL_low to medium morbidity_6_10-05-2021_27-06-2021,Poland,21,52.25,44474,27/06/2021,49,low to medium morbidity,6,29-03-2021,44474,0,0,0,0,0,0,0,0,0,0,0,0,0,0,0,0,0,1,1,1,1,1,1,1,1,1,1,1,1,1,0,0,0,0,0,0,0,0,0,0,0,0,0,0,0,0,0,0,0,0,0,0,0,0,-1,-1,1,-6,-1,6,-6,-1,6,0,0,0,0,0,0,0,0,0
PL_high morbidity_4_05-10-2020_08-11-2020,PL_high morbidity_4_05-10-2020_08-11-2020,Poland,21,52.25,43961,44054,35,high morbidity,4,24-08-2020,43961,0,0,0,0,0,0,1,1,1,1,1,1,0,0,0,0,0,0,0,0,0,0,0,0,1,1,1,1,1,1,0,0,0,0,0,0,0,0,0,0,0,0,0,0,0,0,0,0,0,0,0,-6,-1,6,0,0,0,0,0,0,-6,-1,6,0,0,0,0,0,0,0,0,0
PL_high morbidity_2_21-12-2020_10-01-2021,PL_high morbidity_2_21-12-2020_10-01-2021,Poland,21,52.25,21/12/2020,44470,21,high morbidity,2,44085,21-12-2020,0,0,0,0,0,0,0,0,0,0,0,0,0,0,0,0,0,0,1,1,1,1,1,1,1,1,1,1,1,1,0,0,0,0,0,1,0,0,0,0,0,0,0,0,0,0,0,0,0,0,0,0,0,0,0,0,0,-6,-1,6,-6,-1,6,-1,-1,1,0,0,0,0,0,0
PL_high morbidity_7_18-01-2021_14-03-2021,PL_high morbidity_7_18-01-2021_14-03-2021,Poland,21,52.25,18/01/2021,14/03/2021,56,high morbidity,7,44024,18-01-2021,0,0,0,0,0,0,0,0,0,0,0,0,0,0,1,1,1,0,1,1,1,0,1,1,1,1,0,0,0,1,0,1,1,0,0,0,0,0,1,1,0,0,0,0,0,1,1,1,0,0,0,0,0,0,-4,-2,3,-6,-1,5,-6,-1,3,-5,-4,2,-4,-3,2,-3,-1,3
PL_high morbidity_1_03-05-2021..16-05-2021,PL_high morbidity_1_03-05-2021..16-05-2021,Poland,21,52.25,44260,16/05/2021,14,high morbidity,1,22-03-2021,44260,0,0,0,0,0,0,0,0,0,0,0,0,0,0,0,0,0,0,1,1,1,1,1,1,1,1,1,1,1,1,0,0,0,0,0,0,0,0,0,0,0,0,0,0,0,0,0,0,0,0,0,0,0,0,0,0,0,-6,-1,6,-6,-1,6,0,0,0,0,0,0,0,0,0
PL_high morbidity and mortality_7_02-11-2020_27-12-2020,PL_high morbidity and mortality_7_02-11-2020_27-12-2020,Poland,21,52.25,43872,27/12/2020,56,high morbidity and mortality,7,21-09-2020,43872,0,0,0,0,0,0,1,1,1,0,0,0,0,0,1,1,1,1,0,0,0,0,0,0,1,1,1,1,1,1,0,0,0,0,0,0,0,0,0,0,0,0,0,0,0,0,0,0,0,0,0,-6,-4,3,-4,-1,4,0,0,0,-6,-1,6,0,0,0,0,0,0,0,0,0
PL_high morbidity and mortality_2_04-01-2021_24-01-2021,PL_high morbidity and mortality_2_04-01-2021_24-01-2021,Poland,21,52.25,44287,24/01/2021,21,high morbidity and mortality,2,23-11-2020,44287,0,0,0,0,0,0,0,0,0,0,0,0,0,0,0,0,1,1,1,1,1,1,1,0,1,1,1,1,0,0,0,0,0,1,1,0,0,0,0,0,1,1,0,0,0,0,0,1,0,0,0,0,0,0,-2,-1,2,-6,-2,5,-6,-3,4,-3,-2,2,-2,-1,2,-1,-1,1
PL_high morbidity and mortality_8_08-03-2021_09-05-2021,PL_high morbidity and mortality_8_08-03-2021_09-05-2021,Poland,21,52.25,44411,44444,63,high morbidity and mortality,8,25-01-2021,44411,0,0,0,0,0,0,0,0,0,0,0,0,1,1,1,1,1,1,0,0,0,0,0,0,1,1,1,1,1,1,0,0,0,0,0,0,0,0,0,0,0,0,0,0,0,0,0,0,0,0,0,0,0,0,-6,-1,6,0,0,0,-6,-1,6,0,0,0,0,0,0,0,0,0
PT_almost no disease_4_17-02-2020_22-03-2020,PT_almost no disease_4_17-02-2020_22-03-2020,Portugal,-9.133333,38.716667,17/02/2020,22/03/2020,35,almost no disease,4,43983,17-02-2020,0,0,0,0,0,0,0,0,0,0,0,0,0,0,0,0,0,0,0,0,0,0,0,0,0,0,0,0,0,0,0,0,0,0,0,0,0,0,0,0,0,0,0,0,0,0,0,0,0,0,0,0,0,0,0,0,0,0,0,0,0,0,0,0,0,0,0,0,0,0,0,0
PT_low to medium morbidity_28_16-03-2020_04-10-2020,PT_low to medium morbidity_28_16-03-2020_04-10-2020,Portugal,-9.133333,38.716667,16/03/2020,43931,203,low to medium morbidity,28,43892,16-03-2020,0,0,1,1,1,1,0,0,0,0,0,0,0,0,0,0,0,0,0,0,0,0,0,0,0,0,1,1,1,0,0,0,0,0,1,1,0,0,0,0,0,0,0,0,0,0,0,0,-4,-1,4,0,0,0,0,0,0,0,0,0,-4,-2,3,-2,-1,2,0,0,0,0,0,0
PT_low to medium morbidity_13_08-03-2021_13-06-2021,PT_low to medium morbidity_13_08-03-2021_13-06-2021,Portugal,-9.133333,38.716667,44411,13/06/2021,98,low to medium morbidity,13,25-01-2021,44411,0,0,0,0,0,0,0,0,0,0,0,0,0,0,0,1,1,1,1,1,1,1,0,0,0,0,0,0,0,0,1,0,0,0,0,0,1,1,1,1,1,1,0,0,0,0,0,0,0,0,0,0,0,0,-3,-1,3,-6,-3,4,0,0,0,-6,-6,1,-6,-1,6,0,0,0
PT_high morbidity_9_28-09-2020_06-12-2020,PT_high morbidity_9_28-09-2020_06-12-2020,Portugal,-9.133333,38.716667,28/09/2020,43994,70,high morbidity,9,17-08-2020,28-09-2020,0,0,0,0,0,0,1,1,1,1,1,1,0,0,0,0,0,0,0,0,0,0,0,0,1,1,1,1,1,1,0,0,0,0,0,0,0,0,0,0,0,0,0,0,0,0,0,0,0,0,0,-6,-1,6,0,0,0,0,0,0,-6,-1,6,0,0,0,0,0,0,0,0,0
PT_high morbidity_2_14-12-2020_03-01-2021,PT_high morbidity_2_14-12-2020_03-01-2021,Portugal,-9.133333,38.716667,14/12/2020,44256,21,high morbidity,2,43872,14-12-2020,0,0,0,0,0,0,0,0,0,0,0,0,1,1,1,1,1,0,0,0,0,0,1,1,1,1,1,1,1,1,0,0,0,0,0,0,0,0,0,0,0,0,0,0,0,0,0,0,0,0,0,0,0,0,-6,-2,5,-2,-1,2,-6,-1,6,0,0,0,0,0,0,0,0,0
PT_high morbidity_3_15-02-2021_14-03-2021,PT_high morbidity_3_15-02-2021_14-03-2021,Portugal,-9.133333,38.716667,15/02/2021,14/03/2021,28,high morbidity,3,44287,15-02-2021,0,0,0,0,0,0,0,0,0,0,0,0,0,0,0,0,0,0,1,1,1,1,1,1,0,0,0,0,0,0,1,1,1,1,0,0,0,0,0,1,1,1,1,0,0,0,0,0,0,0,0,0,0,0,0,0,0,-6,-1,6,0,0,0,-6,-3,4,-3,-1,3,-6,-6,1
PT_high morbidity_2_07-06-2021_27-06-2021,PT_high morbidity_2_07-06-2021_27-06-2021,Portugal,-9.133333,38.716667,44383,27/06/2021,21,high morbidity,2,26-04-2021,44383,0,0,0,0,0,0,1,1,1,1,1,1,0,0,0,0,0,0,0,0,0,0,0,0,1,1,1,1,1,1,0,0,0,0,0,0,0,0,0,0,0,0,0,0,0,0,0,0,0,0,0,-6,-1,6,0,0,0,0,0,0,-6,-1,6,0,0,0,0,0,0,0,0,0
PT_high morbidity and mortality_2_30-11-2020_20-12-2020,PT_high morbidity and mortality_2_30-11-2020_20-12-2020,Portugal,-9.133333,38.716667,30/11/2020,20/12/2020,21,high morbidity and mortality,2,19-10-2020,30-11-2020,0,0,0,0,0,0,0,0,0,0,0,0,1,1,1,1,1,1,0,0,0,0,0,0,1,1,1,1,1,1,0,0,0,0,0,0,0,0,0,0,0,0,0,0,0,0,0,0,0,0,0,0,0,0,-6,-1,6,0,0,0,-6,-1,6,0,0,0,0,0,0,0,0,0
PT_high morbidity and mortality_7_28-12-2020_21-02-2021,PT_high morbidity and mortality_7_28-12-2020_21-02-2021,Portugal,-9.133333,38.716667,28/12/2020,21/02/2021,56,high morbidity and mortality,7,16-11-2020,28-12-2020,0,0,0,0,0,0,0,0,0,0,0,0,1,1,1,0,1,1,0,0,1,1,1,0,1,1,1,1,1,0,0,0,0,0,1,1,0,0,0,0,0,0,0,0,0,0,0,0,0,0,0,0,0,0,-6,-1,5,-4,-2,3,-6,-2,5,-2,-1,2,0,0,0,0,0,0
RO_almost no disease_5_17-02-2020_29-03-2020,RO_almost no disease_5_17-02-2020_29-03-2020,Romania,26.1,44.433334,17/02/2020,29/03/2020,42,almost no disease,5,43983,17-02-2020,0,0,0,0,0,0,0,0,0,0,0,0,0,0,0,0,0,0,0,0,0,0,0,0,0,0,0,0,0,0,0,0,0,0,0,0,0,0,0,0,0,0,0,0,0,0,0,0,0,0,0,0,0,0,0,0,0,0,0,0,0,0,0,0,0,0,0,0,0,0,0,0
RO_low to medium morbidity_27_23-03-2020_04-10-2020,RO_low to medium morbidity_27_23-03-2020_04-10-2020,Romania,26.1,44.433334,23/03/2020,43931,196,low to medium morbidity,27,44106,23-03-2020,0,1,1,1,1,1,0,0,0,0,0,0,0,0,0,0,0,0,0,0,0,0,0,0,0,1,1,1,0,0,0,0,0,1,1,1,0,0,0,0,0,0,0,0,0,0,0,0,-5,-1,5,0,0,0,0,0,0,0,0,0,-5,-3,3,-3,-1,3,0,0,0,0,0,0
RO_low to medium morbidity_8_26-04-2021_27-06-2021,RO_low to medium morbidity_8_26-04-2021_27-06-2021,Romania,26.1,44.433334,26/04/2021,27/06/2021,63,low to medium morbidity,8,15-03-2021,26-04-2021,0,0,0,0,0,0,0,0,0,0,0,0,1,1,1,1,0,1,0,0,0,1,1,1,1,1,1,1,1,1,0,0,0,0,0,0,0,0,0,0,0,0,0,0,0,0,0,0,0,0,0,0,0,0,-6,-1,5,-3,-1,3,-6,-1,6,0,0,0,0,0,0,0,0,0
RO_high morbidity_6_28-09-2020_15-11-2020,RO_high morbidity_6_28-09-2020_15-11-2020,Romania,26.1,44.433334,28/09/2020,15/11/2020,49,high morbidity,6,17-08-2020,28-09-2020,0,0,0,0,0,0,1,1,1,1,1,1,0,0,0,0,0,0,0,0,0,0,0,0,1,1,1,1,1,1,0,0,0,0,0,0,0,0,0,0,0,0,0,0,0,0,0,0,0,0,0,-6,-1,6,0,0,0,0,0,0,-6,-1,6,0,0,0,0,0,0,0,0,0
RO_high morbidity_17_07-12-2020_11-04-2021,RO_high morbidity_17_07-12-2020_11-04-2021,Romania,26.1,44.433334,44024,44504,126,high morbidity,17,26-10-2020,44024,0,0,0,0,0,0,0,0,0,0,0,0,1,1,1,0,0,0,0,0,1,1,1,1,1,1,1,1,1,1,0,0,0,0,0,0,0,0,0,0,0,0,0,0,0,0,0,0,0,0,0,0,0,0,-6,-4,3,-4,-1,4,-6,-1,6,0,0,0,0,0,0,0,0,0
RO_high morbidity_1_19-04-2021..02-05-2021,RO_high morbidity_1_19-04-2021..02-05-2021,Romania,26.1,44.433334,19/04/2021,44232,14,high morbidity,1,44411,19-04-2021,0,0,0,0,0,0,0,0,0,0,0,0,1,1,1,1,1,0,0,0,0,0,1,1,1,1,1,1,1,1,0,0,0,0,0,0,0,0,0,0,0,0,0,0,0,0,0,0,0,0,0,0,0,0,-6,-2,5,-2,-1,2,-6,-1,6,0,0,0,0,0,0,0,0,0
RO_high morbidity and mortality_4_09-11-2020_13-12-2020,RO_high morbidity and mortality_4_09-11-2020_13-12-2020,Romania,26.1,44.433334,44085,13/12/2020,35,high morbidity and mortality,4,28-09-2020,44085,0,0,0,0,0,0,1,0,0,0,0,0,1,1,1,1,1,1,0,0,0,0,0,0,1,1,1,1,1,1,0,0,0,0,0,0,0,0,0,0,0,0,0,0,0,0,0,0,0,0,0,-6,-6,1,-6,-1,6,0,0,0,-6,-1,6,0,0,0,0,0,0,0,0,0
RO_high morbidity and mortality_2_05-04-2021_25-04-2021,RO_high morbidity and mortality_2_05-04-2021_25-04-2021,Romania,26.1,44.433334,44320,25/04/2021,21,high morbidity and mortality,2,22-02-2021,44320,0,0,0,0,0,0,0,0,0,0,0,0,1,1,1,1,1,1,0,0,0,0,0,0,1,1,1,1,1,1,0,0,0,0,0,0,0,0,0,0,0,0,0,0,0,0,0,0,0,0,0,0,0,0,-6,-1,6,0,0,0,-6,-1,6,0,0,0,0,0,0,0,0,0
RS_almost no disease_5_17-02-2020_29-03-2020,RS_almost no disease_5_17-02-2020_29-03-2020,Serbia,20.5,44.833332,17/02/2020,29/03/2020,42,almost no disease,5,43983,17-02-2020,0,0,0,0,0,0,0,0,0,0,0,0,0,0,0,0,0,0,0,0,0,0,0,0,0,0,0,0,0,0,0,0,0,0,0,0,0,0,0,0,0,0,0,0,0,0,0,0,0,0,0,0,0,0,0,0,0,0,0,0,0,0,0,0,0,0,0,0,0,0,0,0
RS_almost no disease_4_31-08-2020_04-10-2020,RS_almost no disease_4_31-08-2020_04-10-2020,Serbia,20.5,44.833332,31/08/2020,43931,35,almost no disease,4,20-07-2020,31-08-2020,0,0,0,0,0,0,1,1,1,1,1,1,0,0,0,0,0,0,0,0,0,0,0,0,1,1,1,1,1,1,0,0,0,0,0,0,0,0,0,0,0,0,0,0,0,0,0,0,0,0,0,-6,-1,6,0,0,0,0,0,0,-6,-1,6,0,0,0,0,0,0,0,0,0
RS_low to medium morbidity_7_23-03-2020_17-05-2020,RS_low to medium morbidity_7_23-03-2020_17-05-2020,Serbia,20.5,44.833332,23/03/2020,17/05/2020,56,low to medium morbidity,7,44106,23-03-2020,0,1,1,1,1,1,0,0,0,0,0,0,0,0,0,0,0,0,0,0,0,0,0,0,0,1,1,1,1,0,0,0,0,0,1,1,0,0,0,0,0,0,0,0,0,0,0,0,-5,-1,5,0,0,0,0,0,0,0,0,0,-5,-2,4,-2,-1,2,0,0,0,0,0,0
RS_low to medium morbidity_8_06-07-2020_06-09-2020,RS_low to medium morbidity_8_06-07-2020_06-09-2020,Serbia,20.5,44.833332,43989,43991,63,low to medium morbidity,8,25-05-2020,43989,0,0,0,0,0,0,0,0,0,0,0,0,0,0,0,0,0,0,0,0,0,0,0,0,0,0,0,0,0,0,0,0,0,0,0,0,0,0,0,0,0,0,0,0,0,0,0,0,0,0,0,0,0,0,0,0,0,0,0,0,0,0,0,0,0,0,0,0,0,0,0,0
RS_low to medium morbidity_3_28-09-2020_25-10-2020,RS_low to medium morbidity_3_28-09-2020_25-10-2020,Serbia,20.5,44.833332,28/09/2020,25/10/2020,28,low to medium morbidity,3,17-08-2020,28-09-2020,0,0,1,1,1,1,1,1,1,0,0,0,0,0,0,0,0,0,0,0,0,0,0,0,1,1,1,1,1,1,0,0,0,0,0,0,0,0,0,0,0,0,0,0,0,0,0,0,-4,-1,4,-6,-4,3,0,0,0,0,0,0,-6,-1,6,0,0,0,0,0,0,0,0,0
RS_low to medium morbidity_5_17-05-2021_27-06-2021,RS_low to medium morbidity_5_17-05-2021_27-06-2021,Serbia,20.5,44.833332,17/05/2021,27/06/2021,42,low to medium morbidity,5,44320,17-05-2021,0,0,0,0,0,0,0,0,0,0,0,0,1,1,1,1,1,1,0,0,0,0,0,0,1,1,1,1,1,1,0,0,0,0,0,0,0,0,0,0,0,0,0,0,0,0,0,0,0,0,0,0,0,0,-6,-1,6,0,0,0,-6,-1,6,0,0,0,0,0,0,0,0,0
RS_high morbidity_5_19-10-2020_29-11-2020,RS_high morbidity_5_19-10-2020_29-11-2020,Serbia,20.5,44.833332,19/10/2020,29/11/2020,42,high morbidity,5,44021,19-10-2020,1,1,1,1,0,0,0,0,0,1,1,1,0,0,0,0,0,0,0,0,0,0,0,0,1,1,1,1,1,1,0,0,0,0,0,0,0,0,0,0,0,0,0,0,0,0,0,0,-6,-3,4,-3,-1,3,0,0,0,0,0,0,-6,-1,6,0,0,0,0,0,0,0,0,0
RS_high morbidity_23_07-12-2020_23-05-2021,RS_high morbidity_23_07-12-2020_23-05-2021,Serbia,20.5,44.833332,44024,23/05/2021,168,high morbidity,23,26-10-2020,44024,0,0,0,0,0,0,0,0,0,0,0,0,1,1,1,1,1,0,0,0,0,0,1,1,1,1,1,1,1,1,0,0,0,0,0,0,0,0,0,0,0,1,0,0,0,0,0,0,0,0,0,0,0,0,-6,-2,5,-2,-1,2,-6,-1,6,0,0,0,-1,-1,1,0,0,0
RS_high morbidity and mortality_2_23-11-2020_13-12-2020,RS_high morbidity and mortality_2_23-11-2020_13-12-2020,Serbia,20.5,44.833332,23/11/2020,13/12/2020,21,high morbidity and mortality,2,44175,23-11-2020,0,0,0,0,0,0,1,1,0,0,0,0,0,1,1,1,1,1,0,0,0,0,0,0,1,1,1,1,1,1,0,0,0,0,0,0,0,0,0,0,0,0,0,0,0,0,0,0,0,0,0,-6,-5,2,-5,-1,5,0,0,0,-6,-1,6,0,0,0,0,0,0,0,0,0
RU_almost no disease_7_17-02-2020_12-04-2020,RU_almost no disease_7_17-02-2020_12-04-2020,Russia,37.6,55.75,17/02/2020,44169,56,almost no disease,7,43983,17-02-2020,0,0,0,0,0,0,0,0,0,0,0,0,0,0,0,0,0,0,0,0,0,0,0,0,0,0,0,0,0,0,0,0,0,0,0,0,0,0,0,0,0,0,0,0,0,0,0,0,0,0,0,0,0,0,0,0,0,0,0,0,0,0,0,0,0,0,0,0,0,0,0,0
RU_low to medium morbidity_26_06-04-2020_11-10-2020,RU_low to medium morbidity_26_06-04-2020_11-10-2020,Russia,37.6,55.75,43986,44145,189,low to medium morbidity,26,24-02-2020,43986,1,1,1,1,1,1,0,0,0,0,0,0,0,0,0,0,0,0,0,0,0,0,0,0,1,1,1,1,0,0,0,0,0,1,1,1,0,0,0,0,0,1,0,0,0,0,0,0,-6,-1,6,0,0,0,0,0,0,0,0,0,-6,-3,4,-3,-1,3,-1,-1,1,0,0,0
RU_low to medium morbidity_16_15-02-2021_13-06-2021,RU_low to medium morbidity_16_15-02-2021_13-06-2021,Russia,37.6,55.75,15/02/2021,13/06/2021,119,low to medium morbidity,16,44287,15-02-2021,0,0,0,0,0,0,0,0,0,0,0,0,1,1,1,1,1,1,0,0,0,0,0,0,0,1,1,1,1,1,1,0,0,0,0,0,0,0,0,0,0,0,1,1,0,0,0,0,0,0,0,0,0,0,-6,-1,6,0,0,0,-5,-1,5,-6,-6,1,0,0,0,-6,-5,2
RU_high morbidity_19_05-10-2020_21-02-2021,RU_high morbidity_19_05-10-2020_21-02-2021,Russia,37.6,55.75,43961,21/02/2021,140,high morbidity,19,24-08-2020,43961,0,0,0,0,0,0,1,1,1,1,1,1,0,0,0,0,0,0,0,0,0,0,0,0,1,1,1,1,1,1,0,0,0,0,0,0,0,0,0,0,0,0,0,0,0,0,0,0,0,0,0,-6,-1,6,0,0,0,0,0,0,-6,-1,6,0,0,0,0,0,0,0,0,0
RU_high morbidity_2_07-06-2021_27-06-2021,RU_high morbidity_2_07-06-2021_27-06-2021,Russia,37.6,55.75,44383,27/06/2021,21,high morbidity,2,26-04-2021,44383,0,0,0,0,0,0,1,1,1,1,1,1,0,0,0,0,0,0,0,0,0,0,0,0,1,1,1,1,1,1,0,0,0,0,0,0,0,0,0,0,0,0,0,0,0,0,0,0,0,0,0,-6,-1,6,0,0,0,0,0,0,-6,-1,6,0,0,0,0,0,0,0,0,0
SE_almost no disease_3_17-02-2020_15-03-2020,SE_almost no disease_3_17-02-2020_15-03-2020,Sweden,18.05,59.333332,17/02/2020,15/03/2020,28,almost no disease,3,43983,17-02-2020,0,0,0,0,0,0,0,0,0,0,0,0,0,0,0,0,0,0,0,0,0,0,0,0,0,0,0,0,0,0,0,0,0,0,0,0,0,0,0,0,0,0,0,0,0,0,0,0,0,0,0,0,0,0,0,0,0,0,0,0,0,0,0,0,0,0,0,0,0,0,0,0
SE_low to medium morbidity_3_09-03-2020_05-04-2020,SE_low to medium morbidity_3_09-03-2020_05-04-2020,Sweden,18.05,59.333332,44077,43955,28,low to medium morbidity,3,27-01-2020,44077,0,0,0,1,1,1,0,0,0,0,0,0,0,0,0,0,0,0,0,0,0,0,0,0,0,0,0,1,1,1,0,0,0,0,0,0,0,0,0,0,0,0,0,0,0,0,0,0,-3,-1,3,0,0,0,0,0,0,0,0,0,-3,-1,3,0,0,0,0,0,0,0,0,0
SE_low to medium morbidity_5_27-04-2020_07-06-2020,SE_low to medium morbidity_5_27-04-2020_07-06-2020,Sweden,18.05,59.333332,27/04/2020,44018,42,low to medium morbidity,5,16-03-2020,27-04-2020,0,0,0,0,0,0,1,1,1,0,0,0,0,0,0,0,0,0,0,0,1,1,1,1,0,0,0,0,0,0,1,1,1,1,0,0,0,0,0,0,0,0,0,0,0,1,1,1,0,0,0,-6,-4,3,0,0,0,-4,-1,4,0,0,0,-6,-3,4,0,0,0,-3,-1,3
SE_low to medium morbidity_16_22-06-2020_18-10-2020,SE_low to medium morbidity_16_22-06-2020_18-10-2020,Sweden,18.05,59.333332,22/06/2020,18/10/2020,119,low to medium morbidity,16,44140,22-06-2020,0,0,0,0,0,0,1,1,1,1,0,0,0,0,0,1,1,1,0,0,0,0,0,0,1,1,1,1,1,1,0,0,0,0,0,0,0,0,0,0,0,0,0,0,0,0,0,0,0,0,0,-6,-3,4,-3,-1,3,0,0,0,-6,-1,6,0,0,0,0,0,0,0,0,0
SE_low to medium morbidity_3_31-05-2021_27-06-2021,SE_low to medium morbidity_3_31-05-2021_27-06-2021,Sweden,18.05,59.333332,31/05/2021,27/06/2021,28,low to medium morbidity,3,19-04-2021,31-05-2021,0,0,0,0,0,0,0,0,0,0,0,0,1,1,1,1,1,1,0,0,0,0,0,0,1,1,1,1,1,1,0,0,0,0,0,0,0,0,0,0,0,0,0,0,0,0,0,0,0,0,0,0,0,0,-6,-1,6,0,0,0,-6,-1,6,0,0,0,0,0,0,0,0,0
SE_high morbidity_3_01-06-2020_28-06-2020,SE_high morbidity_3_01-06-2020_28-06-2020,Sweden,18.05,59.333332,43836,28/06/2020,28,high morbidity,3,20-04-2020,43836,0,0,0,0,0,0,0,1,1,1,1,1,0,0,0,0,0,0,1,1,0,0,0,0,0,0,1,1,1,1,0,0,0,0,0,0,0,0,0,0,0,0,1,1,1,0,0,0,0,0,0,-5,-1,5,0,0,0,-6,-5,2,-4,-1,4,0,0,0,0,0,0,-6,-4,3
SE_high morbidity_8_12-10-2020_13-12-2020,SE_high morbidity_8_12-10-2020_13-12-2020,Sweden,18.05,59.333332,44175,13/12/2020,63,high morbidity,8,31-08-2020,44175,0,0,0,0,0,0,1,1,1,1,1,1,0,0,0,0,0,0,0,0,0,0,0,0,1,1,1,1,1,1,0,0,0,0,0,0,0,0,0,0,0,0,0,0,0,0,0,0,0,0,0,-6,-1,6,0,0,0,0,0,0,-6,-1,6,0,0,0,0,0,0,0,0,0
SE_high morbidity_19_18-01-2021_06-06-2021,SE_high morbidity_19_18-01-2021_06-06-2021,Sweden,18.05,59.333332,18/01/2021,44353,140,high morbidity,19,44024,18-01-2021,0,0,0,0,0,0,0,0,0,0,0,0,1,0,0,0,0,0,1,1,1,1,1,1,1,1,0,0,0,1,0,1,1,0,0,0,0,0,1,1,0,0,0,0,0,1,1,1,0,0,0,0,0,0,-6,-6,1,-6,-1,6,-6,-1,3,-5,-4,2,-4,-3,2,-3,-1,3
SE_high morbidity and mortality_4_30-03-2020_03-05-2020,SE_high morbidity and mortality_4_30-03-2020_03-05-2020,Sweden,18.05,59.333332,30/03/2020,43895,35,high morbidity and mortality,4,17-02-2020,30-03-2020,1,1,1,1,0,0,0,0,0,1,1,1,0,0,0,0,0,0,0,0,0,0,0,0,1,1,1,1,0,0,0,0,0,1,1,1,0,0,0,0,0,0,0,0,0,0,0,0,-6,-3,4,-3,-1,3,0,0,0,0,0,0,-6,-3,4,-3,-1,3,0,0,0,0,0,0
SE_high morbidity and mortality_6_07-12-2020_24-01-2021,SE_high morbidity and mortality_6_07-12-2020_24-01-2021,Sweden,18.05,59.333332,44024,24/01/2021,49,high morbidity and mortality,6,26-10-2020,44024,0,0,0,0,0,0,0,0,0,0,0,0,1,1,1,1,1,1,0,0,0,0,0,0,1,1,1,1,1,1,0,0,0,0,0,0,0,0,0,0,0,0,0,0,0,0,0,0,0,0,0,0,0,0,-6,-1,6,0,0,0,-6,-1,6,0,0,0,0,0,0,0,0,0
SI_almost no disease_3_17-02-2020_15-03-2020,SI_almost no disease_3_17-02-2020_15-03-2020,Slovenia,14.516667,46.05,17/02/2020,15/03/2020,28,almost no disease,3,43983,17-02-2020,0,0,0,0,0,0,0,0,0,0,0,0,0,0,0,0,0,0,0,0,0,0,0,0,0,0,0,0,0,0,0,0,0,0,0,0,0,0,0,0,0,0,0,0,0,0,0,0,0,0,0,0,0,0,0,0,0,0,0,0,0,0,0,0,0,0,0,0,0,0,0,0
SI_almost no disease_14_04-05-2020_16-08-2020,SI_almost no disease_14_04-05-2020_16-08-2020,Slovenia,14.516667,46.05,43926,16/08/2020,105,almost no disease,14,23-03-2020,43926,0,0,0,0,0,0,1,1,1,1,1,1,0,0,0,0,0,0,0,0,0,0,0,0,0,0,0,0,0,0,1,0,0,0,0,0,1,1,1,1,1,1,0,0,0,0,0,1,0,0,0,-6,-1,6,0,0,0,0,0,0,0,0,0,-6,-6,1,-6,-1,6,-1,-1,1
SI_low to medium morbidity_8_09-03-2020_10-05-2020,SI_low to medium morbidity_8_09-03-2020_10-05-2020,Slovenia,14.516667,46.05,44077,44109,63,low to medium morbidity,8,27-01-2020,44077,0,0,0,1,1,1,0,0,0,0,0,0,0,0,0,0,0,0,0,0,0,0,0,0,0,0,0,1,1,1,0,0,0,0,0,1,0,0,0,0,0,0,0,0,0,0,0,0,-3,-1,3,0,0,0,0,0,0,0,0,0,-3,-1,3,-1,-1,1,0,0,0,0,0,0
SI_low to medium morbidity_2_14-09-2020_04-10-2020,SI_low to medium morbidity_2_14-09-2020_04-10-2020,Slovenia,14.516667,46.05,14/09/2020,43931,21,low to medium morbidity,2,43898,14-09-2020,1,1,0,0,0,0,0,0,0,0,0,0,0,0,0,0,0,0,0,0,0,0,0,0,1,1,0,0,0,0,0,0,0,0,0,0,0,0,0,0,0,0,0,0,0,0,0,0,-6,-5,2,0,0,0,0,0,0,0,0,0,-6,-5,2,0,0,0,0,0,0,0,0,0
SI_low to medium morbidity_2_07-06-2021_27-06-2021,SI_low to medium morbidity_2_07-06-2021_27-06-2021,Slovenia,14.516667,46.05,44383,27/06/2021,21,low to medium morbidity,2,26-04-2021,44383,0,0,0,0,0,0,0,0,0,0,0,0,1,1,1,1,1,1,0,0,0,0,0,0,1,1,1,1,1,1,0,0,0,0,0,0,0,0,0,0,0,0,0,0,0,0,0,0,0,0,0,0,0,0,-6,-1,6,0,0,0,-6,-1,6,0,0,0,0,0,0,0,0,0
SI_high morbidity_4_28-09-2020_01-11-2020,SI_high morbidity_4_28-09-2020_01-11-2020,Slovenia,14.516667,46.05,28/09/2020,43841,35,high morbidity,4,17-08-2020,28-09-2020,0,0,0,0,0,0,0,0,0,0,1,1,0,0,0,0,0,0,0,0,0,0,0,0,0,0,0,0,1,1,0,0,0,0,0,0,0,0,0,0,0,0,0,0,0,0,0,0,0,0,0,-2,-1,2,0,0,0,0,0,0,-2,-1,2,0,0,0,0,0,0,0,0,0
SI_high morbidity_18_01-02-2021_13-06-2021,SI_high morbidity_18_01-02-2021_13-06-2021,Slovenia,14.516667,46.05,44198,13/06/2021,133,high morbidity,18,21-12-2020,44198,0,0,0,0,0,0,0,0,0,0,0,0,0,0,0,0,0,0,1,1,1,1,1,1,0,0,0,0,0,1,1,0,0,0,0,0,1,1,0,0,0,0,0,1,1,1,1,1,0,0,0,0,0,0,0,0,0,-6,-1,6,-1,-1,1,-6,-6,1,-6,-5,2,-5,-1,5
SI_high morbidity and mortality_14_26-10-2020_07-02-2021,SI_high morbidity and mortality_14_26-10-2020_07-02-2021,Slovenia,14.516667,46.05,26/10/2020,44379,105,high morbidity and mortality,14,14-09-2020,26-10-2020,0,0,0,0,0,0,1,1,1,0,0,0,0,0,1,1,1,1,0,0,0,0,0,0,1,1,1,1,1,0,0,0,0,0,1,1,0,0,0,0,0,0,0,0,0,0,0,0,0,0,0,-6,-4,3,-4,-1,4,0,0,0,-6,-2,5,-2,-1,2,0,0,0,0,0,0
SK_almost no disease_27_17-02-2020_30-08-2020,SK_almost no disease_27_17-02-2020_30-08-2020,Slovakia,17.116667,48.15,17/02/2020,30/08/2020,196,almost no disease,27,43983,17-02-2020,0,0,0,0,0,0,0,0,0,0,0,0,0,0,0,0,0,0,0,0,0,0,0,0,0,0,0,0,0,0,0,0,0,0,0,0,0,0,0,0,0,0,0,0,0,0,0,0,0,0,0,0,0,0,0,0,0,0,0,0,0,0,0,0,0,0,0,0,0,0,0,0
SK_low to medium morbidity_4_24-08-2020_27-09-2020,SK_low to medium morbidity_4_24-08-2020_27-09-2020,Slovakia,17.116667,48.15,24/08/2020,27/09/2020,35,low to medium morbidity,4,13-07-2020,24-08-2020,1,1,1,1,1,1,0,0,0,0,0,0,0,0,0,0,0,0,0,0,0,0,0,0,1,1,1,1,1,1,0,0,0,0,0,0,0,0,0,0,0,0,0,0,0,0,0,0,-6,-1,6,0,0,0,0,0,0,0,0,0,-6,-1,6,0,0,0,0,0,0,0,0,0
SK_low to medium morbidity_8_26-04-2021_27-06-2021,SK_low to medium morbidity_8_26-04-2021_27-06-2021,Slovakia,17.116667,48.15,26/04/2021,27/06/2021,63,low to medium morbidity,8,15-03-2021,26-04-2021,0,0,0,0,0,0,0,0,0,0,0,0,0,0,0,0,0,0,1,1,1,1,1,1,0,0,0,0,0,1,0,1,1,0,0,0,1,1,0,0,0,0,0,0,1,1,1,1,0,0,0,0,0,0,0,0,0,-6,-1,6,-1,-1,1,-5,-4,2,-6,-5,2,-4,-1,4
SK_high morbidity_11_21-09-2020_13-12-2020,SK_high morbidity_11_21-09-2020_13-12-2020,Slovakia,17.116667,48.15,21/09/2020,13/12/2020,84,high morbidity,11,44112,21-09-2020,1,1,1,0,0,0,0,0,1,1,1,1,0,0,0,0,0,0,0,0,0,0,0,0,1,1,1,1,1,1,0,0,0,0,0,0,0,0,0,0,0,0,0,0,0,0,0,0,-6,-4,3,-4,-1,4,0,0,0,0,0,0,-6,-1,6,0,0,0,0,0,0,0,0,0
SK_high morbidity and mortality_20_07-12-2020_02-05-2021,SK_high morbidity and mortality_20_07-12-2020_02-05-2021,Slovakia,17.116667,48.15,44024,44232,147,high morbidity and mortality,20,26-10-2020,44024,0,0,0,0,0,0,0,0,0,0,0,0,1,1,1,1,1,1,0,0,0,0,0,0,0,0,0,0,1,1,1,0,0,0,0,0,1,1,1,1,0,0,0,0,0,1,1,0,0,0,0,0,0,0,-6,-1,6,0,0,0,-2,-1,2,-6,-6,1,-6,-3,4,-3,-2,2
TJ_almost no disease_12_17-02-2020_17-05-2020,TJ_almost no disease_12_17-02-2020_17-05-2020,Tajikistan,68.76667,38.55,17/02/2020,17/05/2020,91,almost no disease,12,43983,17-02-2020,0,0,0,0,0,0,0,0,0,0,0,0,0,0,0,0,0,0,0,0,0,0,0,0,0,0,0,0,0,0,0,0,0,0,0,0,0,0,0,0,0,0,0,0,0,0,0,0,0,0,0,0,0,0,0,0,0,0,0,0,0,0,0,0,0,0,0,0,0,0,0,0
TJ_almost no disease_56_25-05-2020_27-06-2021,TJ_almost no disease_56_25-05-2020_27-06-2021,Tajikistan,68.76667,38.55,25/05/2020,27/06/2021,399,almost no disease,56,13-04-2020,25-05-2020,1,1,1,1,1,0,0,0,0,0,1,1,0,0,0,0,0,0,0,0,0,0,0,0,1,0,0,0,0,0,1,1,1,1,0,0,0,0,0,1,1,1,0,0,0,0,0,1,-6,-2,5,-2,-1,2,0,0,0,0,0,0,-6,-6,1,-6,-3,4,-3,-1,3,-1,-1,1
TJ_low to medium morbidity_2_11-05-2020_31-05-2020,TJ_low to medium morbidity_2_11-05-2020_31-05-2020,Tajikistan,68.76667,38.55,44140,31/05/2020,21,low to medium morbidity,2,30-03-2020,44140,1,1,1,1,1,1,0,0,0,0,0,0,0,0,0,0,0,0,0,0,0,0,0,0,1,1,1,0,0,0,0,0,1,1,1,1,0,0,0,0,0,1,1,0,0,0,0,0,-6,-1,6,0,0,0,0,0,0,0,0,0,-6,-4,3,-4,-1,4,-1,-1,1,-6,-6,1
TR_almost no disease_5_17-02-2020_29-03-2020,TR_almost no disease_5_17-02-2020_29-03-2020,Turkey,32.86667,39.933334,17/02/2020,29/03/2020,42,almost no disease,5,43983,17-02-2020,0,0,0,0,0,0,0,0,0,0,0,0,0,0,0,0,0,0,0,0,0,0,0,0,0,0,0,0,0,0,0,0,0,0,0,0,0,0,0,0,0,0,0,0,0,0,0,0,0,0,0,0,0,0,0,0,0,0,0,0,0,0,0,0,0,0,0,0,0,0,0,0
TR_low to medium morbidity_19_23-03-2020_09-08-2020,TR_low to medium morbidity_19_23-03-2020_09-08-2020,Turkey,32.86667,39.933334,23/03/2020,44082,140,low to medium morbidity,19,44106,23-03-2020,0,1,1,1,1,1,0,0,0,0,0,0,0,0,0,0,0,0,0,0,0,0,0,0,0,1,1,1,1,0,0,0,0,0,1,1,0,0,0,0,0,0,0,0,0,0,0,0,-5,-1,5,0,0,0,0,0,0,0,0,0,-5,-2,4,-2,-1,2,0,0,0,0,0,0
TR_low to medium morbidity_2_18-01-2021_07-02-2021,TR_low to medium morbidity_2_18-01-2021_07-02-2021,Turkey,32.86667,39.933334,18/01/2021,44379,21,low to medium morbidity,2,44024,18-01-2021,0,0,0,0,0,0,0,0,0,0,0,0,1,1,1,1,1,1,0,0,0,0,0,0,0,0,0,0,0,0,0,0,0,0,0,0,1,1,1,1,1,1,0,0,0,0,0,0,0,0,0,0,0,0,-6,-1,6,0,0,0,0,0,0,0,0,0,-6,-1,6,0,0,0
TR_low to medium morbidity_4_24-05-2021_27-06-2021,TR_low to medium morbidity_4_24-05-2021_27-06-2021,Turkey,32.86667,39.933334,24/05/2021,27/06/2021,35,low to medium morbidity,4,44534,24-05-2021,0,0,0,0,0,0,0,0,0,0,0,0,1,1,1,1,1,1,0,0,0,0,0,0,0,0,0,0,0,0,0,0,0,0,0,0,1,1,1,1,1,0,0,0,0,0,1,1,0,0,0,0,0,0,-6,-1,6,0,0,0,0,0,0,0,0,0,-6,-2,5,-2,-1,2
TR_high morbidity_24_03-08-2020_24-01-2021,TR_high morbidity_24_03-08-2020_24-01-2021,Turkey,32.86667,39.933334,43898,24/01/2021,175,high morbidity,24,22-06-2020,43898,0,0,0,0,0,0,1,1,1,1,1,1,0,0,0,0,0,0,0,0,0,0,0,0,1,1,1,1,1,1,0,0,0,0,0,0,0,0,0,0,0,0,0,0,0,0,0,0,0,0,0,-6,-1,6,0,0,0,0,0,0,-6,-1,6,0,0,0,0,0,0,0,0,0
TR_high morbidity_16_01-02-2021_30-05-2021,TR_high morbidity_16_01-02-2021_30-05-2021,Turkey,32.86667,39.933334,44198,30/05/2021,119,high morbidity,16,21-12-2020,44198,0,0,0,0,0,0,0,0,0,0,1,1,1,1,1,1,1,0,0,0,0,0,0,0,0,0,0,0,0,0,0,0,0,0,0,0,1,1,1,1,1,1,0,0,0,0,0,0,0,0,0,-2,-1,2,-6,-2,5,0,0,0,0,0,0,0,0,0,-6,-1,6,0,0,0
UA_almost no disease_15_17-02-2020_07-06-2020,UA_almost no disease_15_17-02-2020_07-06-2020,Ukraine,30.516666,50.433334,17/02/2020,44018,112,almost no disease,15,43983,17-02-2020,0,0,0,0,0,0,0,0,0,0,0,0,0,0,0,0,0,0,0,0,0,0,0,0,0,0,0,0,0,0,0,0,0,0,0,0,0,0,0,0,0,0,0,0,0,0,0,0,0,0,0,0,0,0,0,0,0,0,0,0,0,0,0,0,0,0,0,0,0,0,0,0
UA_low to medium morbidity_17_01-06-2020_04-10-2020,UA_low to medium morbidity_17_01-06-2020_04-10-2020,Ukraine,30.516666,50.433334,43836,43931,126,low to medium morbidity,17,20-04-2020,43836,1,1,1,1,1,1,0,0,0,0,0,0,0,0,0,0,0,0,0,0,0,0,0,0,0,0,0,0,0,0,0,0,0,0,0,0,1,0,0,0,0,0,1,1,1,1,1,1,-6,-1,6,0,0,0,0,0,0,0,0,0,0,0,0,0,0,0,-6,-6,1,-6,-1,6
UA_low to medium morbidity_2_25-01-2021_14-02-2021,UA_low to medium morbidity_2_25-01-2021_14-02-2021,Ukraine,30.516666,50.433334,25/01/2021,14/02/2021,21,low to medium morbidity,2,14-12-2020,25-01-2021,0,0,0,0,0,0,0,0,0,0,0,0,1,1,1,1,1,1,0,0,0,0,0,0,1,1,0,0,0,0,0,1,1,1,0,0,0,0,0,0,0,0,0,0,0,1,1,1,0,0,0,0,0,0,-6,-1,6,0,0,0,-6,-5,2,-5,-3,3,0,0,0,-3,-1,3
UA_low to medium morbidity_5_17-05-2021_27-06-2021,UA_low to medium morbidity_5_17-05-2021_27-06-2021,Ukraine,30.516666,50.433334,17/05/2021,27/06/2021,42,low to medium morbidity,5,44320,17-05-2021,0,0,0,0,0,0,0,0,0,0,0,0,0,0,0,1,1,1,1,1,1,1,0,0,1,1,1,1,1,1,0,0,0,0,0,0,0,0,0,0,0,0,0,0,0,0,0,0,0,0,0,0,0,0,-3,-1,3,-6,-3,4,-6,-1,6,0,0,0,0,0,0,0,0,0
UA_high morbidity_17_28-09-2020_31-01-2021,UA_high morbidity_17_28-09-2020_31-01-2021,Ukraine,30.516666,50.433334,28/09/2020,31/01/2021,126,high morbidity,17,17-08-2020,28-09-2020,0,0,0,0,0,0,1,1,1,1,1,1,0,0,0,0,0,0,0,0,0,0,0,0,1,1,1,1,1,1,0,0,0,0,0,0,0,0,0,0,0,0,0,0,0,0,0,0,0,0,0,-6,-1,6,0,0,0,0,0,0,-6,-1,6,0,0,0,0,0,0,0,0,0
UA_high morbidity_7_08-02-2021_04-04-2021,UA_high morbidity_7_08-02-2021_04-04-2021,Ukraine,30.516666,50.433334,44410,44290,56,high morbidity,7,28-12-2020,44410,0,0,0,0,0,0,0,0,0,0,1,1,1,1,1,1,1,0,0,0,0,0,0,0,0,0,0,0,1,1,1,1,0,0,0,0,0,0,0,0,0,0,0,1,1,1,1,0,0,0,0,-2,-1,2,-6,-2,5,0,0,0,-2,-1,2,-6,-5,2,0,0,0,-5,-2,4
UA_high morbidity_3_26-04-2021_23-05-2021,UA_high morbidity_3_26-04-2021_23-05-2021,Ukraine,30.516666,50.433334,26/04/2021,23/05/2021,28,high morbidity,3,15-03-2021,26-04-2021,0,0,0,0,0,0,0,0,0,0,0,0,1,1,1,0,0,0,0,0,1,1,1,1,1,1,1,1,1,1,0,0,0,0,0,0,0,0,0,0,0,0,0,0,0,0,0,0,0,0,0,0,0,0,-6,-4,3,-4,-1,4,-6,-1,6,0,0,0,0,0,0,0,0,0
UA_high morbidity and mortality_4_29-03-2021_02-05-2021,UA_high morbidity and mortality_4_29-03-2021_02-05-2021,Ukraine,30.516666,50.433334,29/03/2021,44232,35,high morbidity and mortality,4,15-02-2021,29-03-2021,0,0,0,0,0,0,0,0,0,0,0,0,1,1,1,1,1,1,0,0,0,0,0,0,1,1,1,1,1,1,0,0,0,0,0,0,0,0,0,0,0,0,0,0,0,0,0,0,0,0,0,0,0,0,-6,-1,6,0,0,0,-6,-1,6,0,0,0,0,0,0,0,0,0
US_almost no disease_4_17-02-2020_22-03-2020,US_almost no disease_4_17-02-2020_22-03-2020,United States,-77,38.88333,17/02/2020,22/03/2020,35,almost no disease,4,43983,17-02-2020,0,0,0,0,0,0,0,0,0,0,0,0,0,0,0,0,0,0,0,0,0,0,0,0,0,0,0,0,0,0,0,0,0,0,0,0,0,0,0,0,0,0,0,0,0,0,0,0,0,0,0,0,0,0,0,0,0,0,0,0,0,0,0,0,0,0,0,0,0,0,0,0
US_low to medium morbidity_13_16-03-2020_21-06-2020,US_low to medium morbidity_13_16-03-2020_21-06-2020,United States,-77,38.88333,16/03/2020,21/06/2020,98,low to medium morbidity,13,43892,16-03-2020,0,0,1,1,1,1,0,0,0,0,0,0,0,0,0,0,0,0,0,0,0,0,0,0,0,0,1,1,1,1,0,0,0,0,0,1,0,0,0,0,0,0,0,0,0,0,0,0,-4,-1,4,0,0,0,0,0,0,0,0,0,-4,-1,4,-1,-1,1,0,0,0,0,0,0
US_low to medium morbidity_6_10-05-2021_27-06-2021,US_low to medium morbidity_6_10-05-2021_27-06-2021,United States,-77,38.88333,44474,27/06/2021,49,low to medium morbidity,6,29-03-2021,44474,0,0,0,0,0,0,0,0,0,0,0,0,1,1,1,1,1,1,0,0,0,0,0,0,1,1,1,1,1,1,0,0,0,0,0,0,0,0,0,0,0,0,0,0,0,0,0,0,0,0,0,0,0,0,-6,-1,6,0,0,0,-6,-1,6,0,0,0,0,0,0,0,0,0
US_high morbidity_25_15-06-2020_13-12-2020,US_high morbidity_25_15-06-2020_13-12-2020,United States,-77,38.88333,15/06/2020,13/12/2020,182,high morbidity,25,43926,15-06-2020,0,0,0,0,0,0,1,1,1,1,1,1,0,0,0,0,0,0,0,0,0,0,0,0,1,1,1,1,1,1,0,0,0,0,0,0,0,0,0,0,0,0,0,0,0,0,0,0,0,0,0,-6,-1,6,0,0,0,0,0,0,-6,-1,6,0,0,0,0,0,0,0,0,0
US_high morbidity_14_01-02-2021_16-05-2021,US_high morbidity_14_01-02-2021_16-05-2021,United States,-77,38.88333,44198,16/05/2021,105,high morbidity,14,21-12-2020,44198,0,0,0,0,0,0,0,0,0,0,0,0,0,0,0,0,0,0,1,1,1,1,1,1,1,1,1,1,1,1,1,0,0,0,0,0,0,0,0,0,0,0,0,0,0,0,0,0,0,0,0,0,0,0,0,0,0,-6,-1,6,-6,-1,6,-6,-6,1,0,0,0,0,0,0
US_high morbidity and mortality_8_07-12-2020_07-02-2021,US_high morbidity and mortality_8_07-12-2020_07-02-2021,United States,-77,38.88333,44024,44379,63,high morbidity and mortality,8,26-10-2020,44024,0,0,0,0,0,0,0,0,0,0,0,0,1,1,1,1,1,1,0,0,0,0,0,0,1,1,1,1,1,1,0,0,0,0,0,0,0,0,0,0,0,0,0,0,0,0,0,0,0,0,0,0,0,0,-6,-1,6,0,0,0,-6,-1,6,0,0,0,0,0,0,0,0,0
